"","Team","Rec","STR","KRE","KE","PRE","PE","FGE","OFG","OFP","DFP","NFP","Year"
"1","Tennessee","8-4",1.31,0.38,0.1,0.08,0.14,-0.14,0.3,66.5,76.1,9.6,2015
"2","Marshall","9-3",1.08,0.37,0.04,0.02,0.23,-0.23,0.15,67.2,72.2,4.9,2015
"3","San Diego State","10-3",0.91,0.35,0.01,-0.07,0.19,0.17,0.03,66.1,73.2,7.1,2015
"4","North Carolina","9-3",0.89,0.15,-0.01,0.1,0.04,0.52,0.26,68.4,71.7,3.3,2015
"5","Kansas State","5-7",0.87,0.3,0,0.07,0.12,0.43,-0.36,67.8,70.1,2.3,2015
"6","Ohio State","12-1",0.75,0.08,0.07,0.03,0.26,-0.3,0.23,67,75.5,8.5,2015
"7","Stanford","12-2",0.72,0.32,-0.06,-0.04,0.15,0.55,-0.35,66.6,74.6,8,2015
"8","Virginia Tech","6-6",0.68,0.03,-0.03,0.06,0.19,0.53,0.01,67.8,69.9,2.1,2015
"9","Wisconsin","10-3",0.61,0.11,-0.01,-0.04,0.06,-0.03,0.73,67.2,71.9,4.7,2015
"10","Eastern Michigan","1-11",0.6,0.01,-0.07,0.05,0.14,0.44,0.33,70.5,69.7,-0.8,2015
"11","Washington","6-6",0.6,0.13,-0.04,0.11,0.12,0.1,-0.01,68.2,70.9,2.7,2015
"12","Duke","7-5",0.6,0.42,-0.13,-0.1,0.19,0.48,-0.45,66.6,73.3,6.7,2015
"13","Florida International","4-7",0.6,0.13,0.1,0.04,-0.05,0.09,0.21,69.9,70.5,0.6,2015
"14","Texas","5-7",0.59,0,0.02,0.12,0.14,0.27,-0.06,70.5,69.7,-0.8,2015
"15","Memphis","8-4",0.55,0.06,0.07,-0.01,0.17,0.39,-0.31,70.1,73.5,3.3,2015
"16","Texas A&M","7-5",0.55,-0.08,0.02,0.06,0.28,0.23,-0.06,70.2,72.4,2.3,2015
"17","Notre Dame","10-3",0.53,0.02,-0.03,-0.01,0.16,0.47,0.13,71.4,73,1.6,2015
"18","East Carolina","4-7",0.51,-0.01,0.01,-0.05,0.17,0.3,0.28,70.4,72.3,1.9,2015
"19","Utah","10-3",0.5,-0.06,-0.07,0.06,0.28,0.55,-0.14,68.2,71.8,3.7,2015
"20","Houston","12-1",0.48,0.17,0.06,-0.06,0.15,-0.04,-0.12,69.8,73.1,3.3,2015
"21","Rutgers","3-8",0.45,0.17,-0.1,0.17,0,0.12,-0.04,72.5,68.1,-4.4,2015
"22","Alabama","13-1",0.45,0.08,0.08,0.06,0,-0.03,0.02,68.6,73,4.4,2015
"23","Texas Tech","6-6",0.44,0.06,-0.1,-0.12,0.05,0.35,0.82,71.3,71,-0.3,2015
"24","Michigan","10-3",0.44,0.24,-0.04,0.06,0.03,0.1,-0.25,66.8,72.3,5.5,2015
"25","Western Kentucky","12-2",0.41,0.15,-0.05,-0.09,0,0.56,0.17,68.8,71.8,3.1,2015
"26","Arkansas State","8-4",0.4,0.23,-0.03,-0.05,0.16,-0.06,-0.19,65.3,73.3,8,2015
"27","Western Michigan","7-5",0.39,0.12,0.04,-0.16,0.21,0.05,-0.03,70,70.9,0.9,2015
"28","Florida Atlantic","3-9",0.33,0.04,0.02,-0.21,0.24,-0.16,0.46,70.1,70.4,0.3,2015
"29","Nebraska","6-7",0.31,-0.02,-0.04,-0.06,0.17,0.38,0.08,70.6,69.5,-1.1,2015
"30","Wake Forest","2-9",0.3,-0.01,-0.01,-0.14,0.29,-0.23,0.37,73,71.6,-1.4,2015
"31","Syracuse","3-8",0.29,0.09,-0.01,-0.1,0.14,0.15,0.01,68.1,70.4,2.2,2015
"32","Temple","10-4",0.28,0.11,-0.07,0.05,0.09,0.3,-0.32,66.9,71.6,4.7,2015
"33","BYU","8-4",0.28,-0.02,0.05,-0.09,0.01,0.25,0.32,71.7,69.5,-2.2,2015
"34","Arizona","6-6",0.27,-0.02,-0.04,-0.04,0.18,0.31,-0.05,70,70.4,0.4,2015
"35","Ball State","2-9",0.25,0.21,-0.02,-0.08,0.08,0.05,-0.25,70.7,70.6,-0.1,2015
"36","Mississippi State","8-4",0.23,-0.01,0.02,0.06,-0.03,0.25,-0.06,70.8,72.1,1.2,2015
"37","Auburn","6-6",0.22,0.14,0,-0.01,0.02,0.52,-0.65,69.7,69.7,0,2015
"38","South Carolina","3-8",0.22,0.06,-0.01,-0.08,0.23,0.11,-0.41,69.5,73,3.5,2015
"39","Georgia Southern","8-4",0.21,0.09,0.08,0.02,0.01,-0.11,-0.27,65.4,72.1,6.6,2015
"40","Colorado State","6-6",0.21,0.06,-0.1,0.1,0.19,-0.05,-0.34,70.2,71.9,1.8,2015
"41","Florida State","9-3",0.2,0.09,0.03,-0.18,0.22,0.3,-0.45,72.4,73.3,0.9,2015
"42","Troy","3-8",0.19,-0.03,0.09,-0.01,0.07,0.08,-0.23,69.8,68.1,-1.7,2015
"43","Akron","7-5",0.19,0,0.02,-0.18,0.16,-0.01,0.3,70,71.7,1.7,2015
"44","TCU","10-2",0.19,0.11,0,-0.17,0.14,0.43,-0.38,69.5,71.9,2.4,2015
"45","Georgia Tech","2-9",0.16,0.01,-0.04,0.03,0.03,0.42,-0.26,71.4,67.9,-3.6,2015
"46","Northwestern","9-3",0.15,0.22,-0.14,-0.1,0.14,-0.33,0.23,72.5,69.3,-3.2,2015
"47","Central Michigan","6-6",0.15,0.06,-0.19,-0.12,0.14,0,0.69,70.3,70.1,-0.2,2015
"48","Appalachian State","10-2",0.12,-0.05,-0.06,-0.16,0.16,0.43,0.17,70.5,68.7,-1.8,2015
"49","Georgia","9-3",0.12,-0.06,0.01,0.12,0.1,-0.24,-0.19,67.9,72.1,4.2,2015
"50","Northern Illinois","7-6",0.12,0.14,-0.01,-0.11,-0.05,0.22,0,69,67.5,-1.5,2015
"51","Arizona State","5-7",0.12,0.14,-0.02,-0.07,0.1,0.09,-0.44,68.7,71.8,3.2,2015
"52","Texas State","2-9",0.1,0.07,-0.11,-0.12,0.28,-0.19,0.05,71,72.8,1.7,2015
"53","Oklahoma State","9-3",0.1,0.06,-0.12,-0.03,0.15,0.02,0.01,68.8,72.9,4.1,2015
"54","Indiana","5-7",0.08,-0.04,-0.03,-0.06,0.06,0.31,0.01,71.1,71,-0.1,2015
"55","Oregon","8-4",0.08,0.18,-0.01,-0.03,-0.2,0.42,-0.22,67.6,69.1,1.4,2015
"56","Pittsburgh","7-5",0.08,0.14,-0.02,-0.01,0.18,0.01,-0.83,70.4,74.2,3.8,2015
"57","North Texas","1-10",0.08,0.02,0,0.04,0.08,-0.2,-0.2,70.6,70.8,0.2,2015
"58","Nevada","6-6",0.07,0.1,-0.11,-0.23,0.1,0.48,0.11,74,68.3,-5.7,2015
"59","Rice","4-7",0.05,-0.03,0.02,-0.05,0.02,-0.58,0.65,71.9,70.8,-1.1,2015
"60","Miami","7-5",0.03,0.09,-0.04,-0.1,0.02,0.38,-0.3,69,72.4,3.5,2015
"61","Louisiana","3-8",0.01,0.06,-0.21,0.05,0.13,-0.24,0.2,70.1,71.4,1.2,2015
"62","New Mexico","6-6",0.01,0.17,0.01,-0.27,0.3,-0.74,0.01,70.8,70.8,0,2015
"63","Maryland","2-9",0,0.09,-0.1,-0.04,-0.02,-0.02,0.21,70.9,65.7,-5.2,2015
"64","Middle Tennessee","6-6",0,0.01,-0.22,0.03,-0.15,0.13,0.94,70.5,65.9,-4.6,2015
"65","Oklahoma","11-2",-0.01,0.02,-0.01,-0.23,0.22,0.03,-0.09,68.3,71.2,2.9,2015
"66","Utah State","5-7",-0.02,0.22,-0.05,-0.06,0.16,-0.29,-0.68,66.8,70.9,4,2015
"67","Ohio","7-5",-0.02,0.07,0,-0.12,0.1,-0.03,-0.25,69.6,72.6,3,2015
"68","Navy","10-2",-0.03,0.1,-0.14,-0.11,-0.05,0.22,0.34,70.1,71.4,1.3,2015
"69","Louisville","7-5",-0.03,0.08,-0.12,-0.08,0.08,0.04,0,70.4,70.6,0.2,2015
"70","South Florida","7-5",-0.03,0.11,-0.15,-0.04,0.17,-0.22,-0.13,69.5,69.6,0.2,2015
"71","Toledo","10-2",-0.04,0.16,-0.08,0.01,-0.08,-0.07,-0.1,67.5,70.3,2.8,2015
"72","UCF","0-11",-0.04,-0.04,0.08,-0.19,0.23,0.2,-0.61,70.4,68,-2.4,2015
"73","Hawaii","2-10",-0.04,-0.05,-0.05,-0.08,0.26,0.25,-0.56,72.7,69.6,-3.2,2015
"74","Boise State","8-4",-0.05,0.05,-0.08,-0.12,0.02,0.43,-0.13,68.6,71.5,2.9,2015
"75","Connecticut","5-7",-0.05,0.05,-0.14,-0.19,0.08,0.33,0.2,69.4,71.9,2.5,2015
"76","Minnesota","6-7",-0.07,0.06,-0.13,-0.16,0.12,0.44,-0.2,72.4,70,-2.4,2015
"77","USC","8-6",-0.08,0.02,0.04,0,-0.11,0.12,-0.26,73,70.1,-2.9,2015
"78","UTEP","4-7",-0.09,0.01,0.01,-0.24,0.06,-0.02,0.2,72.5,70.6,-1.9,2015
"79","Missouri","4-7",-0.14,-0.06,-0.12,-0.2,0.16,0.05,0.38,73.4,68.1,-5.2,2015
"80","Air Force","7-6",-0.14,0.04,-0.08,-0.24,0.1,0.54,-0.25,71.2,70.5,-0.7,2015
"81","Iowa","11-2",-0.14,0.11,-0.03,-0.13,0,0.36,-0.52,69.1,73,3.9,2015
"82","NC State","6-6",-0.16,0.23,-0.14,-0.06,0.18,-0.5,-0.51,67.5,73.1,5.6,2015
"83","New Mexico State","3-9",-0.16,-0.04,-0.03,-0.09,-0.04,-0.11,0.31,72.4,67.7,-4.7,2015
"84","Southern Mississippi","8-5",-0.19,0.07,-0.04,-0.14,0.09,-0.26,-0.11,66.5,71.8,5.3,2015
"85","Army","1-9",-0.2,-0.04,0.01,0.07,0.09,-0.24,-0.7,72.5,68.3,-4.1,2015
"86","Florida","10-4",-0.2,-0.01,-0.02,-0.05,0.28,-0.98,-0.09,68.7,73.8,5.1,2015
"87","UCLA","8-5",-0.21,-0.03,-0.04,-0.16,0.04,0.41,-0.26,71.7,72.3,0.7,2015
"88","Colorado","3-9",-0.22,0.03,-0.03,-0.16,0.07,-0.26,0,70.4,68.4,-2,2015
"89","Kentucky","4-7",-0.22,0.03,-0.07,-0.17,-0.04,0.29,-0.01,72.9,68.6,-4.3,2015
"90","Arkansas","7-5",-0.24,0.03,-0.07,-0.12,0.07,-0.48,0.21,68.1,71.9,3.8,2015
"91","Ole Miss","9-3",-0.25,-0.11,0.09,-0.33,0.22,0.01,-0.24,70.7,71,0.4,2015
"92","Penn State","7-6",-0.27,-0.02,-0.22,-0.09,0.08,0.3,0.03,69.6,69.4,-0.2,2015
"93","UNLV","2-9",-0.28,0,-0.01,-0.23,0.08,0.06,-0.16,72.5,70.4,-2.2,2015
"94","Iowa State","2-9",-0.29,-0.02,-0.18,-0.06,0,0.33,-0.02,71.6,68.3,-3.2,2015
"95","West Virginia","7-5",-0.3,0.03,-0.07,-0.16,0.2,0.08,-0.68,70.6,70.3,-0.3,2015
"96","Illinois","4-7",-0.31,-0.02,-0.09,-0.03,0.04,-0.13,-0.22,70.8,69.9,-0.8,2015
"97","Fresno State","2-9",-0.33,0.01,-0.09,-0.19,0,-0.27,0.38,67.9,71.8,3.9,2015
"98","UTSA","3-9",-0.35,-0.06,-0.04,-0.06,0.06,-0.38,-0.08,70.7,69.3,-1.5,2015
"99","Michigan State","12-2",-0.36,0.09,-0.08,-0.08,-0.09,-0.2,-0.1,68.8,72,3.2,2015
"100","San Jose State","5-7",-0.4,0,-0.3,-0.16,0.3,-0.33,0.21,71.1,68.3,-2.9,2015
"101","South Alabama","4-7",-0.41,0.1,-0.04,-0.23,-0.04,0.31,-0.52,72.4,65,-7.4,2015
"102","LSU","9-3",-0.41,-0.02,-0.05,-0.13,-0.05,0.11,-0.25,71.6,69.7,-1.8,2015
"103","Cincinnati","6-6",-0.43,0,-0.22,-0.19,0.12,0.38,-0.24,74.5,68.8,-5.7,2015
"104","Baylor","9-3",-0.44,0.04,-0.1,-0.2,0.14,-0.24,-0.27,70.6,69.7,-0.8,2015
"105","Idaho","3-8",-0.44,-0.05,-0.12,-0.25,0.18,0.33,-0.35,71.7,68.7,-3,2015
"106","Clemson","13-1",-0.44,0.08,-0.23,-0.27,0.08,0.35,-0.06,72.3,69.1,-3.1,2015
"107","Tulsa","6-7",-0.45,-0.04,-0.07,-0.23,0.09,-0.27,0.1,71.2,69.3,-1.9,2015
"108","Charlotte","1-10",-0.46,0.01,-0.15,-0.04,-0.08,-0.38,0.22,72.6,64.5,-8.1,2015
"109","SMU","2-9",-0.47,0.11,0,-0.28,-0.2,-0.07,0.16,72,65.9,-6.2,2015
"110","California","7-5",-0.5,0.01,-0.19,-0.08,0.06,0.24,-0.55,72.4,68.9,-3.6,2015
"111","Miami (OH)","2-9",-0.5,-0.03,0.03,-0.12,-0.01,0.01,-0.68,74.1,65.3,-8.7,2015
"112","Virginia","3-8",-0.5,-0.07,-0.12,-0.24,0.15,0.23,-0.31,72.7,68.4,-4.3,2015
"113","Massachusetts","3-9",-0.51,0.08,-0.19,-0.09,0.05,-0.11,-0.41,72.7,68.4,-4.3,2015
"114","Washington State","9-3",-0.52,-0.04,-0.16,-0.05,-0.18,0.19,0.11,69.8,68.9,-0.9,2015
"115","UL Monroe","1-11",-0.52,0.03,-0.04,-0.23,-0.14,-0.29,0.34,72.2,63.4,-8.8,2015
"116","Bowling Green","10-4",-0.55,0.03,-0.14,-0.13,0.05,-0.71,0.12,70.8,69.9,-0.9,2015
"117","Old Dominion","4-7",-0.55,-0.02,-0.12,-0.16,0.07,-0.04,-0.3,73.1,63.7,-9.4,2015
"118","Vanderbilt","3-8",-0.57,0,-0.08,-0.11,-0.09,-0.28,-0.05,71.8,68.1,-3.7,2015
"119","Kent State","2-9",-0.59,-0.05,-0.25,-0.14,0.15,-0.44,0.29,74.1,66.9,-7.2,2015
"120","Buffalo","4-7",-0.61,0,-0.18,-0.11,0.06,-0.28,-0.18,71.4,70.4,-1,2015
"121","Georgia State","6-6",-0.61,0.07,-0.05,-0.19,-0.1,-0.21,-0.26,74.9,69.6,-5.2,2015
"122","Oregon State","1-10",-0.64,0.04,-0.19,-0.16,0.04,-0.18,-0.21,74.1,67.5,-6.6,2015
"123","Boston College","1-9",-0.73,0.15,-0.26,-0.14,0.16,-0.61,-0.48,70.8,69.7,-1.1,2015
"124","Tulane","2-9",-0.82,-0.09,-0.16,-0.04,-0.13,-0.05,-0.23,73.5,67,-6.5,2015
"125","Louisiana Tech","8-4",-0.92,-0.07,-0.26,-0.1,-0.05,0.29,-0.53,71.9,67.9,-4,2015
"126","Kansas","0-11",-0.97,-0.02,-0.05,-0.22,-0.16,-0.81,0.17,72.7,67.9,-4.8,2015
"127","Purdue","1-10",-1.02,0.03,-0.15,-0.26,0.04,-0.91,-0.08,71.4,69.6,-1.9,2015
"128","Wyoming","2-9",-1.18,-0.07,-0.05,-0.29,0.05,-1.28,-0.06,74.1,68.2,-5.8,2015
"129","Memphis","7-5",1.41,0.25,0.11,-0.1,0.3,0.38,0.49,67.7,73.7,5.9,2016
"130","Stanford","10-3",1.1,0.12,0.01,-0.07,0.32,0.44,0.51,67.4,75.2,7.8,2016
"131","Michigan","10-3",1,0,0.05,0.18,0.17,0.05,0.64,63.7,73.3,9.6,2016
"132","Western Kentucky","10-3",0.95,0.38,0,0.05,0.18,0.02,-0.26,66.6,71.8,5.2,2016
"133","USC","10-3",0.94,0.27,0.04,0.09,0.01,0.39,-0.01,70.1,71.9,1.8,2016
"134","BYU","8-4",0.92,0.03,0.04,-0.09,0.31,0.29,0.57,67.7,74.2,6.6,2016
"135","Idaho","8-4",0.88,-0.01,0.05,0.25,0.16,0.51,-0.11,66.2,73.9,7.8,2016
"136","Iowa","8-4",0.75,0.21,0.06,0.16,0.09,-0.15,-0.19,67,74,7,2016
"137","North Carolina","6-5",0.74,0.15,-0.01,-0.14,0.23,0.39,0.29,71.9,71.5,-0.4,2016
"138","Texas A&M","7-5",0.71,0.13,0.01,0.06,0.26,-0.14,0.02,71.2,70.7,-0.5,2016
"139","San Diego State","10-3",0.69,0.38,0.02,-0.1,0.08,0.58,-0.56,67.2,73.5,6.3,2016
"140","Georgia Tech","8-4",0.67,0.08,0.05,-0.04,0.06,0.51,0.28,71.5,71.1,-0.4,2016
"141","Iowa State","3-8",0.63,0.14,0.01,-0.06,0.22,0.52,-0.19,70.5,73.1,2.7,2016
"142","Arizona State","4-7",0.61,0.03,-0.07,-0.1,0.29,1.03,-0.05,69.8,71.5,1.7,2016
"143","Florida","9-4",0.6,0.05,-0.02,-0.14,0.2,0.64,0.34,70,71.9,1.9,2016
"144","Utah","8-4",0.56,0.14,-0.08,-0.1,0.31,0.41,-0.1,69,74.8,5.8,2016
"145","Georgia Southern","4-7",0.53,-0.04,-0.05,0.12,0.08,0.72,0.09,72.8,68.1,-4.7,2016
"146","Minnesota","8-4",0.53,0.24,0.02,-0.12,0.11,0.6,-0.39,66.2,71.5,5.4,2016
"147","Troy","9-3",0.51,0.12,0.09,0.03,0.16,0.05,-0.39,65.9,73,7.1,2016
"148","Air Force","9-3",0.45,0.12,-0.08,0.05,0.13,0.31,-0.1,68.4,71,2.6,2016
"149","Ohio State","11-2",0.42,0.2,-0.07,-0.17,0.31,0.03,-0.11,67.7,72.3,4.6,2016
"150","Maryland","5-7",0.41,0.06,-0.01,0.05,0.1,-0.44,0.47,71.8,67.2,-4.7,2016
"151","Auburn","7-5",0.39,-0.03,0.01,-0.03,0.18,0.86,-0.35,72.2,73.1,0.9,2016
"152","Kansas State","8-4",0.39,0.12,0.03,-0.13,0.22,0.17,-0.19,69.7,73.1,3.4,2016
"153","Ohio","7-6",0.39,0.04,-0.06,-0.11,0.23,0.44,0.07,68.8,69.4,0.7,2016
"154","Temple","9-4",0.37,0.04,-0.13,0,0.13,0.37,0.31,67,70.5,3.5,2016
"155","Fresno State","0-11",0.37,0,0.04,-0.04,0.01,0.55,0.13,72.5,68.9,-3.6,2016
"156","Boston College","6-6",0.37,0.11,0.02,-0.12,0.08,-0.13,0.43,68.3,68.3,0,2016
"157","Pittsburgh","7-5",0.37,0.19,-0.02,0.01,0.07,0.15,-0.3,70.8,71.1,0.3,2016
"158","Florida Atlantic","2-9",0.36,0.1,0.05,-0.22,0.17,0.14,0.15,70.9,71.6,0.7,2016
"159","Penn State","11-3",0.36,0.04,0,-0.05,0.18,0.37,-0.18,67.2,71.5,4.3,2016
"160","Nebraska","9-4",0.34,0.06,0.04,-0.05,-0.01,0.41,0.08,70.5,71.7,1.2,2016
"161","Wake Forest","6-6",0.33,0.01,-0.01,-0.13,0.12,0.27,0.42,69,71.1,2.1,2016
"162","Akron","4-7",0.33,0.11,-0.14,0.24,-0.03,0.46,-0.32,71.3,69.1,-2.2,2016
"163","Arkansas","6-6",0.33,-0.01,-0.11,-0.1,0.33,0.21,0.22,71.9,70.2,-1.7,2016
"164","Northern Illinois","5-6",0.32,0.19,-0.04,-0.16,0.05,-0.42,0.64,69.9,69.6,-0.3,2016
"165","Tennessee","8-4",0.32,0.12,0,-0.16,0.2,0.05,-0.05,67.5,72.8,5.3,2016
"166","Miami","8-4",0.29,-0.01,-0.07,-0.06,0.26,0.42,-0.1,71,71.7,0.7,2016
"167","Appalachian State","10-3",0.28,0.1,-0.02,-0.01,0.06,0,0.02,69.7,71.8,2.1,2016
"168","Washington State","8-4",0.27,0.04,-0.05,0.13,0.01,-0.34,0.31,70.2,72.4,2.2,2016
"169","Eastern Michigan","6-6",0.26,-0.03,-0.07,-0.1,0.25,0.25,0.21,72.4,72.7,0.3,2016
"170","Navy","8-5",0.25,0.15,-0.08,0.04,0.09,-0.03,-0.18,69.1,71.5,2.5,2016
"171","New Mexico","8-4",0.23,0.16,-0.06,-0.19,0.05,0.97,-0.4,72.9,70.2,-2.7,2016
"172","UCF","5-7",0.18,0.08,-0.09,-0.1,0.03,0.21,0.31,70.3,65.6,-4.8,2016
"173","Washington","11-2",0.16,0.17,-0.04,-0.07,0.21,0.04,-0.64,69.7,69.9,0.2,2016
"174","Houston","8-4",0.15,0.21,-0.05,-0.13,0.05,0.41,-0.44,69.3,69.9,0.6,2016
"175","Louisiana Tech","8-5",0.15,0.25,-0.07,-0.19,-0.13,0.31,0.25,70.5,70.4,-0.2,2016
"176","Missouri","3-8",0.13,0.01,-0.03,-0.01,0.21,-0.95,0.46,73.1,72.4,-0.7,2016
"177","Hawaii","6-7",0.11,0.04,-0.08,-0.17,0.19,0.54,-0.16,71.2,68.9,-2.3,2016
"178","Oklahoma","11-2",0.11,0.14,0.02,-0.16,0.23,-0.05,-0.55,72.1,72.7,0.5,2016
"179","Kentucky","6-6",0.1,0.07,-0.01,-0.09,0.08,0.36,-0.32,71.9,70.5,-1.5,2016
"180","Western Michigan","12-1",0.09,0.16,0.02,-0.16,0.15,0.06,-0.53,69.5,74.2,4.7,2016
"181","Virginia Tech","9-4",0.09,-0.04,0.05,-0.02,0.07,-0.15,0.01,66.8,72.4,5.6,2016
"182","Bowling Green","3-8",0.08,-0.01,-0.06,-0.24,0.34,0.13,-0.02,72,70.1,-1.9,2016
"183","Louisiana","5-7",0.07,-0.07,0,-0.06,0.12,0.17,-0.01,69.4,68.7,-0.7,2016
"184","Ball State","3-8",0.05,0.06,-0.07,0,0.03,0.12,-0.15,71.8,72.4,0.6,2016
"185","Clemson","13-1",0.04,0.09,-0.02,-0.21,0.06,-0.01,0.24,69,70.5,1.5,2016
"186","Alabama","13-1",0.04,-0.03,0.03,0.02,0.14,-0.05,-0.4,69.1,72.8,3.7,2016
"187","South Florida","10-2",0.02,0.08,-0.01,0,0.04,0.04,-0.47,68.6,72.6,4,2016
"188","Mississippi State","5-7",0.01,0.09,0.02,-0.21,0.01,-0.29,0.38,69.4,73,3.6,2016
"189","TCU","5-7",0.01,0.02,0.01,-0.15,0.12,-0.18,0.08,69.2,71.2,2,2016
"190","Oregon","3-8",-0.01,0.11,0,-0.17,-0.02,0.03,0.03,71.6,70.8,-0.8,2016
"191","Notre Dame","4-8",-0.02,0.17,-0.09,-0.18,-0.08,0.12,0.27,69.8,70.8,1,2016
"192","Texas","5-7",-0.03,-0.04,-0.02,-0.09,0.28,-0.16,-0.31,69.5,72.4,2.9,2016
"193","North Texas","4-8",-0.03,0.01,-0.11,-0.12,0.2,0,0,71.3,69,-2.3,2016
"194","Ole Miss","4-7",-0.04,0.02,-0.01,-0.15,0.1,0.59,-0.5,71.8,72.8,1,2016
"195","Oklahoma State","9-3",-0.06,-0.07,0.04,-0.23,0.26,0.05,-0.17,69.2,76.2,7,2016
"196","Old Dominion","9-3",-0.06,0.12,-0.12,-0.17,-0.04,0.33,0.13,67.8,71,3.2,2016
"197","Wisconsin","11-3",-0.07,0.05,-0.02,-0.13,0,0.1,-0.01,67.3,73.2,5.9,2016
"198","Colorado State","6-6",-0.07,0.07,-0.06,-0.09,0.19,-0.03,-0.47,69.9,72.5,2.6,2016
"199","Florida International","4-8",-0.08,0.01,-0.22,0.05,0.01,0.03,0.33,72.2,68.6,-3.6,2016
"200","Northwestern","7-5",-0.08,0.14,-0.09,-0.09,0.03,-0.27,-0.02,72.1,68.7,-3.4,2016
"201","Marshall","2-9",-0.08,0.11,-0.1,0.09,0.02,-0.77,0.02,69,71.7,2.7,2016
"202","Connecticut","2-9",-0.08,-0.08,0,-0.08,0.04,-0.16,0.25,74.7,70.3,-4.3,2016
"203","Texas Tech","4-7",-0.09,-0.01,-0.04,-0.24,-0.01,0.48,0.21,74.4,67.9,-6.5,2016
"204","UTEP","3-8",-0.12,-0.11,0.04,-0.03,0.05,0.26,-0.32,71.7,68.6,-3.1,2016
"205","South Carolina","5-7",-0.13,0.13,-0.27,-0.24,0.11,0.38,0.26,70.9,70.5,-0.3,2016
"206","Arkansas State","8-4",-0.15,0.04,0.02,-0.06,0.08,-0.39,-0.32,69.9,71.7,1.8,2016
"207","Nevada","4-7",-0.15,-0.06,0.01,-0.04,0.09,-0.24,-0.17,72.8,71.3,-1.5,2016
"208","UTSA","5-7",-0.16,0.03,-0.14,-0.08,0.26,0.05,-0.51,68.5,70.1,1.6,2016
"209","Baylor","6-6",-0.17,-0.05,0,-0.11,0.21,-0.46,-0.12,72.5,70.5,-1.9,2016
"210","California","5-7",-0.17,0.08,-0.09,-0.12,0,0.28,-0.26,70.6,71.1,0.5,2016
"211","Rice","2-9",-0.17,0.02,-0.06,-0.17,0.08,-0.06,0.08,71.5,70.6,-0.9,2016
"212","Louisville","9-4",-0.18,-0.1,-0.08,-0.04,0.18,0.02,-0.18,68.8,69.8,1,2016
"213","Vanderbilt","5-7",-0.2,0.11,-0.2,-0.18,0.13,0.38,-0.28,73,68.1,-4.9,2016
"214","Tulsa","9-3",-0.2,0.05,-0.1,-0.26,0.25,0.23,-0.41,70.7,69.3,-1.4,2016
"215","Virginia","2-9",-0.21,0.08,-0.1,0.01,0.17,-1.08,-0.05,69.7,71,1.3,2016
"216","Kansas","1-10",-0.22,0.05,-0.02,-0.35,0,0.24,0.18,74.2,64.1,-10.1,2016
"217","Miami (OH)","6-6",-0.23,0.14,-0.15,-0.08,0,-0.03,-0.19,72.7,69.3,-3.4,2016
"218","Michigan State","2-9",-0.23,0,-0.14,-0.16,0.17,0.38,-0.34,73.3,70.5,-2.8,2016
"219","South Alabama","4-7",-0.27,-0.02,-0.12,-0.13,0.13,-0.45,0.27,70.8,71.3,0.5,2016
"220","NC State","6-6",-0.27,0.11,0.02,-0.07,-0.04,-0.68,-0.21,71.1,68.8,-2.4,2016
"221","Charlotte","3-8",-0.29,-0.01,-0.1,-0.02,-0.01,0.04,-0.19,71.4,67.1,-4.2,2016
"222","San Jose State","3-8",-0.3,0.02,-0.03,-0.2,0.17,0.26,-0.7,70.5,71.8,1.3,2016
"223","Toledo","8-4",-0.32,-0.06,-0.02,-0.05,0.14,-0.04,-0.59,72.7,73.2,0.5,2016
"224","Wyoming","7-6",-0.33,0.02,-0.17,-0.12,0.19,-0.16,-0.18,70.1,71,0.8,2016
"225","Indiana","6-7",-0.34,0.02,-0.05,-0.06,0.02,-0.25,-0.35,69.1,70.6,1.5,2016
"226","West Virginia","9-3",-0.34,0.04,-0.15,-0.18,0.11,-0.21,0.06,70.6,70.8,0.3,2016
"227","Purdue","2-9",-0.36,0.04,-0.17,-0.11,0.19,-0.1,-0.43,70.4,67.7,-2.7,2016
"228","Central Michigan","5-7",-0.39,0.03,-0.02,-0.12,0.05,-0.56,-0.23,71.5,69.4,-2,2016
"229","Georgia","7-5",-0.4,0.12,-0.21,-0.13,-0.03,-0.1,0.01,70.8,70.4,-0.4,2016
"230","Boise State","10-3",-0.4,-0.07,0.04,-0.19,0.12,-0.51,-0.11,74,72,-2.1,2016
"231","Syracuse","3-8",-0.41,-0.02,-0.33,0.12,0.09,-0.22,-0.06,72,71.5,-0.5,2016
"232","UL Monroe","3-8",-0.42,0.06,-0.18,-0.04,0.02,-0.09,-0.3,70.3,71.8,1.6,2016
"233","Colorado","9-4",-0.44,0.08,-0.13,-0.13,-0.13,-0.32,0.22,72.6,68.9,-3.7,2016
"234","Tulane","3-8",-0.46,-0.05,-0.07,-0.19,0.12,-0.33,-0.04,68.6,68.7,0,2016
"235","Utah State","2-9",-0.46,-0.01,-0.03,0.01,-0.07,-0.19,-0.49,71.1,70.5,-0.6,2016
"236","Oregon State","3-8",-0.46,0.07,-0.05,-0.09,0.12,-0.47,-0.73,71.3,69.5,-1.8,2016
"237","Cincinnati","3-8",-0.47,-0.01,-0.13,-0.12,0.01,-0.05,-0.15,71.5,70.3,-1.3,2016
"238","Florida State","9-3",-0.48,0.08,0.05,-0.27,-0.13,0.05,-0.36,71.5,69.7,-1.7,2016
"239","Southern Mississippi","6-6",-0.53,-0.07,-0.18,-0.24,0.16,0.27,-0.14,74,66.4,-7.7,2016
"240","Army","6-5",-0.55,-0.04,-0.11,0.06,-0.06,-0.9,0.07,69.3,66.6,-2.8,2016
"241","Kent State","2-8",-0.58,0.05,-0.15,-0.23,0.07,-0.15,-0.2,72.5,70.2,-2.3,2016
"242","Duke","3-8",-0.58,0.08,0.01,-0.11,-0.04,-1.45,0.04,71.9,71.7,-0.3,2016
"243","Middle Tennessee","7-5",-0.63,0.03,-0.13,-0.26,0.07,0.24,-0.56,71.8,66,-5.8,2016
"244","LSU","7-4",-0.64,-0.08,0,-0.31,0.21,0.02,-0.71,72.8,72,-0.8,2016
"245","UCLA","4-8",-0.69,0.05,-0.15,-0.08,-0.05,-0.33,-0.38,70.9,68,-2.9,2016
"246","New Mexico State","3-9",-0.69,-0.06,-0.14,-0.08,-0.18,0.11,-0.09,71.5,69.4,-2.1,2016
"247","UNLV","3-8",-0.76,-0.06,-0.18,-0.14,-0.06,0.4,-0.45,74.3,66.4,-7.9,2016
"248","East Carolina","2-9",-0.78,-0.02,-0.23,-0.2,-0.04,0.04,-0.04,74.7,68.2,-6.4,2016
"249","Arizona","2-9",-0.79,-0.05,-0.13,-0.29,-0.06,-0.13,0.12,74.4,67,-7.4,2016
"250","Texas State","1-10",-0.8,-0.07,-0.24,-0.04,0.08,-0.04,-0.6,71.1,65.8,-5.3,2016
"251","Illinois","2-9",-0.82,-0.03,-0.2,-0.17,-0.03,0.07,-0.31,71.4,64.2,-7.2,2016
"252","Rutgers","1-10",-0.83,-0.01,-0.34,-0.06,-0.22,-0.1,0.43,72.8,63.7,-9.1,2016
"253","Massachusetts","1-10",-0.83,0,-0.11,-0.03,0.05,-0.63,-0.8,70.9,67,-3.9,2016
"254","Georgia State","2-9",-0.96,0.06,-0.14,-0.26,-0.23,-0.54,0.21,75.2,65.2,-10,2016
"255","SMU","4-7",-0.97,-0.05,-0.24,-0.27,0.09,-0.19,-0.23,71.9,66.6,-5.4,2016
"256","Buffalo","2-9",-1.01,0.02,-0.33,-0.02,-0.08,-0.57,-0.18,71.1,68.2,-3,2016
"257","Kansas State","7-5",1.19,0.3,0.01,0.05,0.23,0.56,-0.07,66.4,72.6,6.2,2017
"258","TCU","10-3",0.99,0.2,0.03,-0.03,0.19,0.22,0.44,70.3,72.3,2,2017
"259","Western Michigan","5-6",0.81,0.28,0.02,-0.12,0.31,-0.19,0.18,65.2,70.5,5.3,2017
"260","Virginia Tech","8-4",0.81,0.1,0.01,0.04,0.19,-0.06,0.46,67.4,75.7,8.3,2017
"261","Marshall","8-5",0.75,0.27,0.11,-0.15,0.25,-0.29,0.11,71.1,72.6,1.5,2017
"262","Florida Atlantic","10-3",0.72,0.1,0,-0.05,0.26,0.09,0.35,68.9,71.9,3,2017
"263","Colorado","4-7",0.66,-0.06,0,0.13,0.17,0.31,0.17,72.1,73.8,1.6,2017
"264","Stanford","9-5",0.65,0.07,0.09,0.05,0.15,0.19,-0.2,67.1,76.8,9.7,2017
"265","Kentucky","6-6",0.65,0.11,-0.02,-0.08,0.21,0.53,0.06,69.4,71.6,2.2,2017
"266","UCF","12-0",0.64,0.19,-0.02,-0.04,0.16,0.14,0.17,68,73.8,5.8,2017
"267","San Diego State","9-3",0.63,0.49,0.01,0,-0.14,0.15,-0.18,70,72.6,2.6,2017
"268","Memphis","9-3",0.54,0.29,-0.01,-0.09,0.13,0,0,68.7,71.2,2.5,2017
"269","Iowa","8-5",0.52,0.13,0.12,-0.13,0.03,0.27,0.15,70.2,68.9,-1.3,2017
"270","Toledo","10-3",0.5,0.01,-0.01,0.15,0.06,0.14,0.07,67.9,72.3,4.4,2017
"271","Penn State","11-2",0.48,0.37,-0.02,-0.05,0.2,-0.66,-0.11,66.8,73.7,6.9,2017
"272","Arkansas State","6-5",0.47,0.13,-0.22,0.06,0.25,-0.01,0.31,66.2,73.6,7.4,2017
"273","Temple","6-6",0.43,0.17,-0.01,-0.1,0.11,-0.12,0.34,70.1,68.1,-2,2017
"274","Washington","9-3",0.4,0,0.02,0.22,0.14,-0.48,-0.16,67.6,73.8,6.2,2017
"275","Wyoming","7-5",0.39,0.31,-0.04,-0.16,0.12,0.26,-0.22,66.1,70.7,4.6,2017
"276","Wisconsin","13-1",0.39,-0.03,0.06,-0.08,0.09,0.53,0.05,70.4,71.5,1.1,2017
"277","Texas A&M","6-6",0.39,0.1,-0.1,-0.09,0.15,0.39,0.23,70.5,71.5,1,2017
"278","Utah","6-6",0.38,-0.02,-0.02,-0.11,0.29,0.46,-0.09,70.9,68.8,-2.1,2017
"279","Michigan","8-5",0.38,0,0.13,-0.06,-0.01,0.31,0.07,67.8,72.5,4.7,2017
"280","Georgia","12-2",0.38,0.04,0.02,-0.13,0.18,0.56,-0.15,68.6,72.7,4.1,2017
"281","Old Dominion","4-7",0.34,0.19,-0.12,-0.19,0.02,0.04,0.92,72.3,67.6,-4.7,2017
"282","Mississippi State","8-4",0.34,0.02,-0.03,-0.01,0.19,0.33,-0.22,68.9,70,1.1,2017
"283","Boise State","11-3",0.34,0.09,0.04,0.01,0.15,0,-0.36,68.6,72.1,3.4,2017
"284","Utah State","5-7",0.33,0.13,-0.04,0.02,0.12,-0.01,-0.14,68,71.4,3.4,2017
"285","Florida International","7-5",0.31,0.01,0.07,-0.15,0.08,0.39,0.11,71.6,71.6,0,2017
"286","Nebraska","4-8",0.28,0.06,-0.09,-0.02,0.16,0.19,0.01,71.2,71.1,-0.1,2017
"287","North Texas","8-5",0.27,0.04,-0.15,0.12,0.13,0.57,-0.41,70.9,70.1,-0.8,2017
"288","Maryland","3-8",0.27,0.07,0.01,0.07,-0.02,-0.63,0.47,70.8,68.3,-2.6,2017
"289","Minnesota","5-7",0.26,0.11,-0.09,-0.09,0.14,0.04,0.22,69.5,70.9,1.4,2017
"290","Ole Miss","5-6",0.25,0.18,-0.05,-0.19,0.08,0.34,0.12,70.6,71.5,0.9,2017
"291","Ohio State","12-2",0.24,0.08,-0.08,-0.16,0.22,0.04,0.24,69.7,72.9,3.1,2017
"292","Boston College","7-6",0.23,0.09,-0.03,-0.04,0.11,-0.32,0.19,68.4,72.1,3.8,2017
"293","Florida State","6-6",0.22,0.09,0.02,-0.15,0.01,0.4,0.06,71.2,68.9,-2.4,2017
"294","Air Force","4-7",0.2,-0.08,0,0.09,0.03,0.38,-0.2,73.5,67.4,-6.1,2017
"295","Clemson","11-2",0.2,0.03,0.02,-0.1,0.05,-0.34,0.56,69.1,73.3,4.2,2017
"296","North Carolina","2-9",0.19,0.15,-0.06,-0.14,0.09,0.01,0.22,72,70.4,-1.6,2017
"297","Indiana","4-7",0.19,-0.02,-0.13,-0.04,0.1,0.6,0.12,71.5,70,-1.5,2017
"298","Ohio","8-4",0.19,0.14,-0.04,-0.07,0.1,0.55,-0.58,68.1,70,1.9,2017
"299","Northwestern","10-3",0.19,0,-0.06,-0.13,0.23,0.09,0.12,69.5,70.5,1,2017
"300","Louisville","7-5",0.18,0.03,-0.07,-0.24,0.18,0.4,0.33,73.4,70.2,-3.2,2017
"301","Bowling Green","2-9",0.17,0.08,-0.09,-0.07,0.24,0.14,-0.28,70.1,70.4,0.3,2017
"302","Auburn","9-4",0.17,0.06,-0.08,-0.07,0.06,0.4,0.05,70.6,70.7,0.1,2017
"303","South Alabama","3-8",0.15,-0.02,-0.14,-0.16,0.33,0.32,0.06,71.6,68.9,-2.7,2017
"304","Georgia Southern","2-9",0.15,0.13,-0.06,-0.1,0.01,0.42,-0.1,70.3,68.8,-1.5,2017
"305","Pittsburgh","4-7",0.13,-0.05,-0.14,0.06,0.04,0.44,0.11,73.6,71.1,-2.5,2017
"306","Buffalo","5-6",0.13,-0.02,-0.04,-0.08,0.11,-0.43,0.61,69.4,70.8,1.4,2017
"307","South Carolina","8-4",0.12,0.2,0.02,-0.23,0.32,-0.42,-0.39,70.2,71.6,1.4,2017
"308","Troy","10-2",0.11,0.43,-0.19,-0.15,0.01,-0.57,0.37,69.2,69.4,0.2,2017
"309","Navy","7-6",0.11,0.07,-0.06,-0.02,0.22,-0.46,-0.11,69.4,71.5,2.2,2017
"310","Charlotte","1-10",0.11,0.07,0.06,0.02,0.12,-1.08,0.16,71.3,72.1,0.8,2017
"311","Texas","7-6",0.11,0.03,-0.04,-0.17,0.39,-0.42,-0.06,67.9,72.7,4.8,2017
"312","Tulane","4-7",0.09,0.03,-0.04,-0.13,0.09,0.13,0.14,71.8,70.5,-1.3,2017
"313","Alabama","12-1",0.06,0.02,0.1,-0.09,0.23,-0.18,-0.67,67.7,75.5,7.8,2017
"314","Fresno State","9-4",0.05,0.03,0.07,-0.21,0.06,0.18,-0.01,71.3,72,0.6,2017
"315","Iowa State","7-5",0.05,-0.04,-0.08,-0.03,0.16,0.02,-0.01,70.8,72.3,1.6,2017
"316","Wake Forest","7-5",0.05,0.02,-0.1,0.03,0.05,0.2,-0.14,69.4,70.9,1.6,2017
"317","Eastern Michigan","5-7",0.03,0.03,-0.07,-0.12,0.02,0,0.42,69.8,69.7,-0.1,2017
"318","Middle Tennessee","7-6",0.03,0.04,-0.09,-0.17,0.06,0.6,0.04,73.2,68.3,-5,2017
"319","BYU","3-9",0.03,-0.03,0.12,-0.24,0.26,-0.2,-0.25,71.4,70.9,-0.6,2017
"320","Baylor","1-10",0.03,0.01,-0.19,-0.11,0.31,0.28,-0.18,72.5,68.5,-4,2017
"321","Florida","4-7",0.02,-0.03,-0.04,-0.23,0.19,0.72,-0.22,72.3,70.4,-1.9,2017
"322","Arkansas","3-8",0.02,0.07,-0.03,-0.17,0.13,0.01,-0.04,71.9,69.1,-2.8,2017
"323","USC","11-3",0,0.04,-0.09,-0.05,0.07,-0.14,0.16,71,71.1,0.1,2017
"324","Notre Dame","10-3",-0.01,0,-0.07,-0.25,0.13,0.3,0.31,72.1,69.7,-2.4,2017
"325","UL Monroe","4-8",-0.01,0.33,-0.11,-0.19,0.12,-0.01,-0.47,70.2,71.7,1.5,2017
"326","Houston","7-5",-0.02,-0.02,-0.11,-0.16,0.17,0.18,0.21,70.5,71.7,1.2,2017
"327","Illinois","2-10",-0.02,-0.02,-0.03,-0.14,0.21,0.01,-0.14,72.3,69.4,-2.9,2017
"328","Missouri","6-6",-0.04,-0.02,-0.06,-0.13,0.24,0.15,-0.34,73.5,69.5,-4,2017
"329","Michigan State","10-3",-0.07,0.14,-0.08,-0.17,0.17,0.2,-0.52,68,73.1,5.1,2017
"330","Syracuse","3-8",-0.07,0.09,-0.05,-0.24,0.26,0.2,-0.47,72.2,71.9,-0.3,2017
"331","Virginia","5-7",-0.07,0.29,-0.16,-0.11,0.02,-0.16,-0.14,70.6,69.6,-0.9,2017
"332","Arizona State","7-6",-0.08,-0.03,-0.03,-0.07,0.06,0.23,-0.21,72.5,69.9,-2.5,2017
"333","Oregon","6-6",-0.09,-0.02,-0.01,-0.03,0.02,0.11,-0.29,68.6,68.5,0,2017
"334","Colorado State","6-6",-0.09,-0.08,0.04,-0.18,0.06,0.24,0.02,71.2,74.5,3.3,2017
"335","California","4-7",-0.1,-0.01,-0.01,-0.11,0.07,0.2,-0.27,69.3,69.6,0.3,2017
"336","San Jose State","1-11",-0.12,0.03,-0.15,-0.09,0,0.84,-0.31,71.8,68,-3.9,2017
"337","Rutgers","3-8",-0.12,0.02,-0.06,-0.16,0.11,0.24,-0.2,73.1,67.6,-5.4,2017
"338","Western Kentucky","5-7",-0.14,0,0.01,-0.11,0.17,-0.45,-0.15,70.8,71,0.2,2017
"339","New Mexico","2-9",-0.14,0.06,0.09,-0.2,0.21,0.11,-0.96,71.1,72.2,1.1,2017
"340","Miami (OH)","4-7",-0.15,-0.03,-0.2,-0.13,0.1,0.07,0.5,73.1,70.5,-2.7,2017
"341","Tennessee","3-8",-0.15,0.01,-0.04,-0.27,0.29,0.03,-0.29,70.7,71.1,0.4,2017
"342","Duke","6-6",-0.17,0.1,0.08,-0.3,0,0.04,-0.13,70.8,72.3,1.5,2017
"343","Army","9-3",-0.18,0.02,-0.14,0.12,0.09,-1.43,0.52,72.9,71.2,-1.7,2017
"344","Oregon State","0-11",-0.18,-0.04,0.06,-0.19,0.13,-0.04,-0.31,73.8,67.5,-6.2,2017
"345","Idaho","3-8",-0.18,-0.06,0.03,-0.12,-0.02,-0.06,0.07,70.1,68.7,-1.4,2017
"346","Oklahoma","12-2",-0.2,0.01,-0.07,-0.17,0.11,0.2,-0.22,72.2,70.6,-1.6,2017
"347","South Florida","9-2",-0.2,0.04,-0.13,-0.04,0.01,0.26,-0.26,68.5,71.2,2.7,2017
"348","Northern Illinois","7-5",-0.21,0.01,-0.12,-0.04,0.09,-0.39,0.08,68.6,70.1,1.5,2017
"349","UCLA","6-7",-0.23,0,-0.05,-0.18,0.03,0.19,-0.03,72.9,69.8,-3.1,2017
"350","Louisiana","4-7",-0.24,0.02,-0.21,-0.12,0.22,-0.05,-0.09,70.2,70.6,0.4,2017
"351","Louisiana Tech","6-6",-0.24,0.03,-0.09,-0.18,-0.12,0.35,0.26,70.7,70.2,-0.6,2017
"352","Appalachian State","8-4",-0.24,0.08,-0.09,-0.05,-0.01,-0.11,-0.27,65.8,69.9,4.1,2017
"353","SMU","6-6",-0.25,0.01,-0.1,-0.11,0.1,-0.08,-0.14,69.9,70.6,0.7,2017
"354","Texas Tech","5-7",-0.25,0.14,-0.05,-0.18,0.16,-0.78,-0.09,70.1,69.3,-0.8,2017
"355","UTSA","5-5",-0.26,-0.04,-0.09,-0.17,0.22,0.16,-0.41,70.9,73,2.1,2017
"356","UNLV","5-6",-0.29,-0.05,-0.06,-0.01,-0.17,0.44,-0.18,70.4,68.6,-1.8,2017
"357","Connecticut","2-9",-0.29,-0.02,0.01,-0.19,0.04,-0.1,-0.09,74.3,70.7,-3.6,2017
"358","Tulsa","2-10",-0.31,0.02,-0.03,-0.12,0,0.28,-0.54,74.1,71.4,-2.7,2017
"359","Coastal Carolina","3-8",-0.35,0.05,-0.4,-0.04,0.14,-0.19,0.39,71,70.5,-0.4,2017
"360","LSU","8-4",-0.36,0.04,-0.02,-0.22,0.25,-0.33,-0.62,71.3,74.6,3.3,2017
"361","Miami","9-3",-0.37,0.01,-0.08,0,0.11,0.08,-0.98,69.6,71.3,1.6,2017
"362","West Virginia","6-6",-0.37,0.02,-0.11,-0.16,0,-0.04,0.04,73.2,67.9,-5.3,2017
"363","Southern Mississippi","7-5",-0.38,-0.04,-0.1,-0.16,0.17,0.37,-0.64,72.8,69.5,-3.3,2017
"364","New Mexico State","7-6",-0.38,0.14,-0.26,-0.22,0.04,-0.1,0.36,72.5,66.7,-5.8,2017
"365","Purdue","7-6",-0.38,-0.1,-0.07,-0.07,0.18,-0.02,-0.59,70.4,71.3,0.9,2017
"366","Kent State","1-10",-0.43,-0.06,-0.2,-0.22,0.21,-0.29,0.32,73.2,67.1,-6,2017
"367","East Carolina","3-8",-0.44,0.03,-0.03,-0.31,-0.01,0.05,0.01,73.1,70.5,-2.6,2017
"368","NC State","8-4",-0.44,0.12,-0.15,-0.04,-0.01,-0.68,-0.07,70.7,71.9,1.3,2017
"369","Nevada","3-8",-0.45,-0.03,-0.14,-0.05,-0.15,-0.01,0.2,72.6,68.4,-4.2,2017
"370","Hawaii","2-9",-0.47,-0.07,-0.23,-0.08,0.16,-0.57,0.31,73.8,69.2,-4.6,2017
"371","Central Michigan","7-5",-0.48,0.1,-0.13,-0.21,0.1,-0.71,0.08,71.7,67.2,-4.5,2017
"372","Akron","6-7",-0.49,0,-0.1,-0.05,-0.02,-0.89,0.21,70.7,69.2,-1.5,2017
"373","Rice","1-11",-0.5,-0.03,0.05,-0.06,0.03,-0.84,-0.38,74.4,69.4,-4.9,2017
"374","Georgia State","7-4",-0.53,0.01,-0.12,-0.21,0.03,-0.26,0.05,71.2,71.5,0.3,2017
"375","Cincinnati","3-8",-0.53,-0.06,-0.1,-0.24,0.21,-0.45,-0.06,73.8,71.3,-2.5,2017
"376","Oklahoma State","10-3",-0.55,-0.03,-0.04,-0.22,0.02,0.14,-0.41,70.5,73.4,3,2017
"377","UTEP","0-12",-0.61,0.04,-0.02,-0.14,0.06,-0.71,-0.48,74,70,-4,2017
"378","Arizona","6-6",-0.63,0.01,-0.04,-0.1,-0.25,0.1,-0.35,70,70.3,0.4,2017
"379","Washington State","8-4",-0.66,-0.07,-0.07,-0.24,0.05,0.59,-0.81,71.1,66.3,-4.8,2017
"380","Ball State","1-10",-0.67,0.07,-0.04,-0.13,-0.31,0.08,-0.3,71.4,67.1,-4.3,2017
"381","Kansas","0-11",-0.78,0.06,-0.24,-0.28,-0.09,0.38,-0.1,74.1,64.3,-9.7,2017
"382","Massachusetts","3-8",-0.79,0.12,-0.14,-0.14,-0.12,-0.29,-0.5,69.7,65.7,-4,2017
"383","UAB","7-5",-0.81,-0.05,-0.11,-0.14,-0.08,0.18,-0.64,71.2,68.1,-3.1,2017
"384","Georgia Tech","4-6",-0.86,0.08,-0.32,-0.17,0.11,-0.33,-0.36,72.3,68.3,-4,2017
"385","Texas State","1-10",-0.89,-0.07,-0.19,-0.14,0.07,-0.33,-0.45,74.5,69.1,-5.4,2017
"386","Vanderbilt","4-7",-1.1,0,-0.11,-0.27,0,-0.73,-0.41,74.3,68.7,-5.6,2017
"387","Toledo","6-6",1.22,0.23,-0.01,0.32,0,0.15,0.44,65.6,73.1,7.5,2018
"388","Troy","9-3",1.15,0.16,0.03,-0.05,0.3,0.21,0.6,67.8,72.1,4.3,2018
"389","Alabama","13-1",1,0.31,0.02,0.04,0.02,0.35,0.13,66.5,74,7.5,2018
"390","Texas A&M","8-4",0.92,0.13,0.08,-0.22,0.45,-0.02,0.25,69.5,72.7,3.3,2018
"391","Miami (OH)","6-6",0.69,0.3,0.04,-0.22,0.01,0.19,0.45,69,72,2.9,2018
"392","BYU","6-6",0.68,-0.04,0.07,-0.15,0.24,-0.03,0.97,69.7,71.4,1.8,2018
"393","Ohio","8-4",0.67,0,0.09,0.19,0.07,0.1,0.06,69.4,73.1,3.7,2018
"394","Georgia Southern","9-3",0.66,0.06,-0.01,0.03,0.1,0.8,-0.03,67.3,73,5.7,2018
"395","Utah","8-5",0.64,0.04,0,-0.16,0.17,0.62,0.5,70.2,70.4,0.3,2018
"396","Auburn","7-5",0.62,0.14,0.02,-0.01,0.25,-0.06,-0.13,68.5,72.6,4.1,2018
"397","New Mexico","2-9",0.62,-0.04,0.01,0.08,0.12,0.59,0.18,70.4,69.6,-0.7,2018
"398","Marshall","8-4",0.53,0.09,0.06,0.09,0.14,-0.29,-0.03,65.9,73.3,7.3,2018
"399","Minnesota","7-6",0.52,0.09,-0.01,0.12,0.23,0.23,-0.56,68.5,71.4,2.9,2018
"400","Texas Tech","4-7",0.52,0.07,-0.03,-0.04,0.25,0.45,-0.19,71.4,72.5,1.1,2018
"401","Utah State","10-2",0.52,0.29,0.02,-0.03,-0.04,0.07,-0.1,68.3,70.5,2.2,2018
"402","Syracuse","9-3",0.46,0.07,0.06,-0.07,0.13,0.5,-0.3,66.1,72.5,6.4,2018
"403","Iowa","8-4",0.42,0.21,0.02,0,0.01,0.24,-0.35,66.5,70.7,4.2,2018
"404","Florida International","8-4",0.42,-0.03,0.06,0.07,0.02,0.02,0.39,72.1,73.1,1,2018
"405","San Jose State","1-10",0.41,0.11,-0.09,0,0.09,0.16,0.35,67.3,69.3,2,2018
"406","Oklahoma","12-2",0.4,0.07,-0.07,0.14,0.17,0.33,-0.48,71.9,71.1,-0.8,2018
"407","LSU","9-3",0.4,0.15,0.03,-0.25,0.2,0.46,-0.22,66.6,72.3,5.7,2018
"408","Ohio State","13-1",0.4,0.02,0.03,-0.04,0.23,-0.21,0.15,69.9,74.4,4.6,2018
"409","Michigan","10-3",0.4,0.15,0.02,0.05,0.14,0.18,-0.69,67.9,74.4,6.5,2018
"410","Oklahoma State","6-6",0.38,0.05,-0.01,-0.08,0.12,-0.04,0.5,71.7,71.5,-0.2,2018
"411","Akron","3-8",0.31,0.02,-0.02,-0.03,0.02,0.33,0.31,73.6,66.2,-7.4,2018
"412","Appalachian State","10-2",0.29,0.21,-0.11,0.02,0.21,0.03,-0.54,67.9,70.3,2.5,2018
"413","Boston College","6-5",0.28,0.02,-0.09,0.19,0.02,-0.41,0.56,67.9,70.7,2.8,2018
"414","Navy","2-10",0.27,0,-0.14,-0.02,0.02,0.27,0.85,69.7,70.5,0.8,2018
"415","South Carolina","6-6",0.27,0.15,-0.03,-0.22,0.21,0.27,-0.19,71.7,71.4,-0.4,2018
"416","Purdue","6-7",0.27,0.01,-0.06,-0.07,0.25,0.07,0.12,70.7,71.2,0.6,2018
"417","North Carolina","1-9",0.26,-0.05,0.03,0.05,0.09,-0.01,0.12,72.1,68.7,-3.4,2018
"418","Penn State","9-4",0.26,0.09,-0.07,-0.04,0.17,-0.16,0.19,69,72.3,3.2,2018
"419","Maryland","5-7",0.25,0.23,-0.11,-0.01,0.14,0.25,-0.61,70.8,70.8,-0.1,2018
"420","Stanford","8-4",0.23,0.04,-0.07,-0.02,0.23,0.26,-0.32,70.2,73.6,3.4,2018
"421","Florida","8-3",0.22,0,0.06,-0.06,0.18,0.27,-0.43,70.4,73.6,3.2,2018
"422","Nevada","7-5",0.22,0.11,-0.1,-0.28,0.16,0.2,0.59,70.2,68.9,-1.3,2018
"423","West Virginia","7-4",0.21,0.01,-0.01,-0.17,0.18,0.57,-0.21,68.6,71.8,3.2,2018
"424","Temple","8-4",0.19,0.16,-0.02,0.03,-0.03,-0.4,0.18,68.4,69.2,0.8,2018
"425","USC","5-7",0.19,0.04,-0.03,0.06,-0.01,0.3,-0.07,71.7,71.1,-0.6,2018
"426","Kentucky","9-3",0.19,0.02,0,-0.06,0.14,-0.59,0.59,71,72.9,1.9,2018
"427","Northern Illinois","8-6",0.18,0.01,-0.04,0,0.16,0.06,-0.12,70.8,70.1,-0.8,2018
"428","Notre Dame","12-1",0.18,0.02,-0.11,-0.05,0.08,0.31,0.35,70.1,71.9,1.8,2018
"429","Kansas State","4-7",0.18,-0.14,0.06,0,0.08,0.21,0.17,69.8,72,2.2,2018
"430","UAB","10-3",0.17,0,-0.01,0.07,0.07,-0.05,-0.08,69.7,70.1,0.4,2018
"431","Tulane","6-6",0.17,0.12,-0.07,-0.09,0.14,0.04,-0.06,70.2,69.4,-0.9,2018
"432","Hawaii","7-6",0.16,0.01,-0.2,-0.04,0.17,0.29,0.51,70.5,65.1,-5.5,2018
"433","Baylor","6-6",0.15,-0.06,0.03,0.03,0.17,-0.37,0.12,74.2,70.4,-3.8,2018
"434","Virginia Tech","5-7",0.15,0.03,-0.02,-0.03,0.1,-0.27,0.3,71.2,71.9,0.7,2018
"435","Pittsburgh","6-7",0.13,0.04,-0.01,-0.11,-0.02,0.7,-0.18,73,69.5,-3.6,2018
"436","Georgia","10-3",0.13,0.02,-0.1,0.1,0.1,0.34,-0.37,70.8,70.9,0.1,2018
"437","Washington State","10-2",0.13,0.09,0,-0.06,0.21,-0.11,-0.48,70.9,72.3,1.4,2018
"438","Wyoming","5-6",0.11,0.07,-0.04,-0.17,0.02,0.69,-0.11,70.6,71.7,1,2018
"439","Oregon State","1-10",0.1,-0.01,0.05,-0.13,0.11,-0.29,0.31,71.8,70.4,-1.4,2018
"440","Memphis","7-6",0.1,0.19,-0.01,-0.08,0.11,0.05,-0.74,69.8,71.8,2,2018
"441","Rice","1-11",0.09,0.1,0.08,-0.24,0.17,0,-0.41,70,69.6,-0.4,2018
"442","Old Dominion","3-8",0.09,0.04,-0.09,-0.04,0.16,0.15,-0.15,71.1,70.9,-0.2,2018
"443","UCF","11-1",0.08,0.03,-0.07,-0.24,0.2,0.54,-0.05,71.8,71.6,-0.2,2018
"444","San Diego State","6-6",0.07,0.04,-0.05,-0.16,0.19,0.32,-0.21,71.9,69.8,-2.1,2018
"445","SMU","4-7",0.06,0.15,-0.1,-0.14,0.02,0.13,0.18,69.6,70.6,0.9,2018
"446","Georgia Tech","6-6",0.06,0.16,-0.22,-0.19,0.26,0.45,-0.24,68.9,69.3,0.4,2018
"447","Air Force","4-7",0.06,0.01,0.13,-0.08,-0.15,0.14,0.08,72.8,71.8,-1.1,2018
"448","North Texas","8-4",0.06,0,-0.05,-0.04,0.08,0.31,-0.1,70.3,71.4,1.1,2018
"449","Southern Mississippi","5-5",0.05,0.02,-0.06,-0.17,0.05,0.49,0.15,70.4,68.1,-2.3,2018
"450","South Florida","6-6",0.04,0.26,-0.06,-0.24,0.07,0.05,-0.33,71.6,69.6,-2,2018
"451","Army","9-2",0.03,0.03,-0.05,0.07,0.02,-0.34,0.15,67.7,71,3.2,2018
"452","UTSA","3-9",0.01,-0.11,0.04,-0.16,0.13,0.35,0.04,71,70.7,-0.4,2018
"453","Iowa State","7-5",0,0.08,-0.02,-0.15,0.05,-0.06,0.04,71.3,72.3,1,2018
"454","Texas","10-4",0,-0.01,-0.04,-0.04,0.02,0.17,0.09,71.2,71.6,0.4,2018
"455","Arizona State","7-6",-0.01,0.02,-0.04,-0.05,0.09,0.27,-0.35,71.7,73.8,2.1,2018
"456","Georgia State","1-10",-0.02,-0.02,-0.15,0.01,0.21,-0.06,0.06,74.7,69.3,-5.4,2018
"457","Vanderbilt","5-7",-0.02,0,0.01,-0.14,0.24,-0.25,-0.22,70.1,74.5,4.3,2018
"458","Fresno State","11-2",-0.03,0.03,0.01,-0.12,0.17,-0.06,-0.37,67.6,75,7.4,2018
"459","Duke","7-5",-0.05,0.02,0.04,-0.14,-0.04,-0.35,0.46,68.4,72.7,4.3,2018
"460","NC State","8-4",-0.06,-0.06,0,-0.15,0.08,0.41,-0.03,68.6,73,4.5,2018
"461","Central Michigan","0-11",-0.07,0.03,-0.03,-0.15,-0.04,0.15,0.28,71.6,65.2,-6.4,2018
"462","Miami","6-6",-0.07,0.02,-0.03,0,-0.02,0.05,-0.13,70.4,66.4,-4,2018
"463","Wake Forest","6-6",-0.08,-0.01,-0.14,-0.02,0.1,0.16,0.02,71.8,69.9,-1.8,2018
"464","California","6-6",-0.1,0.02,-0.01,-0.23,0.18,-0.11,0.01,69.9,72.3,2.3,2018
"465","Mississippi State","7-5",-0.11,0,0,-0.15,0.1,0.32,-0.37,71.8,67.8,-4,2018
"466","Illinois","3-8",-0.11,0.03,-0.07,-0.27,-0.05,0.43,0.47,69.7,71,1.3,2018
"467","Virginia","7-5",-0.12,0.12,-0.06,-0.11,0.1,-0.11,-0.35,67,72.2,5.2,2018
"468","Coastal Carolina","4-7",-0.12,0.03,-0.19,-0.13,0.12,0.21,0.28,73.3,68.6,-4.7,2018
"469","Clemson","14-0",-0.13,0.05,0.05,-0.17,0.02,-0.14,-0.11,69.5,72.6,3.1,2018
"470","UCLA","3-9",-0.14,0.06,-0.13,-0.15,-0.05,0.47,0.12,74,67.9,-6.1,2018
"471","Arizona","4-7",-0.14,-0.04,-0.03,-0.15,0.18,0.09,-0.19,72.3,71.7,-0.6,2018
"472","Rutgers","1-11",-0.14,-0.04,-0.02,-0.25,0.18,0.15,-0.01,73.9,68.2,-5.7,2018
"473","Tennessee","4-7",-0.17,-0.04,-0.09,-0.15,0.16,0.1,0.04,71.8,71.2,-0.5,2018
"474","Florida State","4-7",-0.18,-0.03,-0.11,-0.07,0.01,0.31,0.12,74.3,63.4,-10.9,2018
"475","Kent State","1-10",-0.21,0.07,-0.11,-0.13,-0.14,0.2,0.4,73.9,65,-8.9,2018
"476","Michigan State","7-6",-0.21,0.01,-0.04,-0.23,0.06,0.3,-0.07,71.4,69.8,-1.6,2018
"477","Tulsa","2-9",-0.21,0.02,0.01,0.07,0.02,-0.61,-0.28,69.9,69.3,-0.6,2018
"478","Louisville","1-10",-0.21,-0.04,-0.11,-0.01,0.05,0.15,-0.09,72.2,66.8,-5.5,2018
"479","Arkansas State","7-5",-0.24,0.05,-0.01,-0.18,0.19,-0.41,-0.34,71,73.1,2.1,2018
"480","Cincinnati","10-2",-0.24,0,-0.11,-0.12,0.34,-0.8,0,68.7,70.2,1.5,2018
"481","Ball State","3-8",-0.26,-0.03,-0.03,0,-0.02,0.16,-0.37,71.4,70.3,-1.1,2018
"482","TCU","6-6",-0.27,0.02,-0.05,-0.04,0.09,-0.44,-0.19,71.8,70.5,-1.3,2018
"483","Northwestern","9-5",-0.27,0.01,-0.1,-0.1,0.14,-0.48,0.09,68.8,70.7,1.9,2018
"484","Indiana","5-7",-0.27,0.02,-0.16,-0.03,0.1,0.35,-0.53,70.6,70.5,-0.1,2018
"485","Houston","7-5",-0.28,0.05,-0.04,-0.21,0.11,-0.01,-0.3,69.9,69.5,-0.4,2018
"486","Bowling Green","2-9",-0.28,-0.05,-0.03,0.02,0.11,-0.41,-0.28,73,67.8,-5.2,2018
"487","Middle Tennessee","7-6",-0.3,-0.01,-0.06,-0.06,0.01,0.01,-0.2,67.6,72,4.4,2018
"488","Charlotte","4-7",-0.32,-0.01,-0.13,-0.21,-0.23,0.78,0.53,74,66.7,-7.3,2018
"489","Boise State","10-3",-0.33,0.06,0.03,-0.05,-0.16,-0.37,-0.08,68.6,71.5,2.9,2018
"490","UTEP","1-10",-0.34,0.01,0.07,-0.18,0.11,-0.36,-0.48,74.2,66.3,-7.9,2018
"491","Louisiana","6-7",-0.34,0.11,-0.16,-0.14,-0.02,0.51,-0.49,69.2,70.7,1.6,2018
"492","Louisiana Tech","7-5",-0.35,-0.02,-0.13,-0.07,0.07,-0.21,0.1,69.3,70,0.7,2018
"493","Florida Atlantic","4-7",-0.36,0.08,0.06,-0.17,-0.12,-0.53,0.02,73.1,69.3,-3.8,2018
"494","South Alabama","2-9",-0.39,0.02,-0.21,-0.1,0.18,-0.15,-0.1,70.6,66.2,-4.3,2018
"495","Nebraska","3-8",-0.41,0.01,-0.09,-0.25,0.04,0.14,0.02,73.8,68.3,-5.5,2018
"496","Eastern Michigan","6-6",-0.42,-0.03,-0.07,0.03,0.07,-0.56,-0.2,66.5,70.9,4.4,2018
"497","Wisconsin","8-5",-0.42,0.01,0.01,-0.11,0,-0.5,-0.15,68.8,68.9,0,2018
"498","Missouri","7-5",-0.43,0,-0.06,-0.08,-0.03,-0.04,-0.29,70.7,71.1,0.5,2018
"499","Colorado","4-7",-0.44,-0.01,0.04,-0.19,0.1,-0.01,-0.77,70.8,71.7,0.9,2018
"500","Buffalo","9-4",-0.47,-0.02,-0.07,-0.04,-0.01,-0.34,-0.18,69.3,70.9,1.6,2018
"501","UL Monroe","5-6",-0.48,0.01,0.06,-0.3,-0.09,-0.25,0.14,73.9,72.1,-1.8,2018
"502","Arkansas","1-10",-0.51,-0.03,-0.2,-0.18,-0.02,0.4,0.15,74.8,66.1,-8.7,2018
"503","Massachusetts","3-8",-0.51,0.01,-0.06,-0.09,-0.05,-0.05,-0.34,69.6,67,-2.6,2018
"504","Western Kentucky","3-8",-0.55,-0.05,-0.03,-0.12,-0.02,-0.23,-0.18,71,70.2,-0.8,2018
"505","East Carolina","3-8",-0.55,-0.06,0,-0.22,0,0.61,-0.81,74.4,68.7,-5.7,2018
"506","Kansas","3-8",-0.56,0.01,0.05,-0.29,0.07,-0.07,-0.68,69.2,72.3,3.1,2018
"507","New Mexico State","2-9",-0.56,0.12,-0.15,0.04,-0.16,-0.2,-0.48,72.2,67.3,-4.9,2018
"508","Oregon","8-4",-0.56,0.09,-0.07,-0.16,0.06,-0.63,-0.37,69.7,70.1,0.5,2018
"509","Ole Miss","4-7",-0.61,0.05,-0.25,-0.19,0.09,0.03,-0.12,74,69.3,-4.7,2018
"510","Connecticut","0-11",-0.62,0.03,-0.32,-0.18,0.12,0.27,-0.1,73.6,69.2,-4.4,2018
"511","Washington","9-4",-0.65,-0.12,-0.01,-0.12,-0.03,-0.11,-0.25,70.9,69.7,-1.2,2018
"512","UNLV","3-8",-0.76,-0.07,-0.03,-0.19,0.06,-0.42,-0.37,71.8,67.3,-4.4,2018
"513","Liberty","4-6",-0.8,0,-0.3,0.03,-0.04,0.08,-0.39,69.3,67.9,-1.4,2018
"514","Colorado State","3-8",-0.92,-0.05,-0.09,-0.15,-0.1,-0.05,-0.49,75.5,68.7,-6.8,2018
"515","Texas State","2-9",-1.17,-0.01,0,-0.07,0.06,-1.79,-0.65,69.9,69.4,-0.5,2018
"516","Western Michigan","6-6",-1.32,-0.12,-0.15,-0.2,-0.19,-0.33,-0.05,71.6,66.5,-5,2018
"517","Kansas State","7-5",1.09,0.46,-0.02,-0.09,0.21,0.6,-0.47,70.1,71.5,1.4,2019
"518","Memphis","11-2",1.09,0.35,0.01,-0.19,0.18,0.84,-0.02,70.5,71.3,0.8,2019
"519","Iowa","10-3",1,0.28,0.03,-0.11,0.16,0.42,0.14,70.5,73,2.5,2019
"520","San Diego State","9-3",0.91,0.2,0.01,-0.1,0.21,0.3,0.31,69.1,76.1,7,2019
"521","Arizona State","7-5",0.89,0.17,0.01,-0.13,0.2,0.18,0.57,68,74.9,6.9,2019
"522","Michigan","9-4",0.86,0.15,-0.01,-0.08,0.23,0.27,0.36,67.9,71.5,3.5,2019
"523","Virginia","8-5",0.81,0.22,0.03,-0.03,0.16,0.33,-0.11,66,74,8,2019
"524","Miami (OH)","7-6",0.77,0.14,-0.01,0.04,0.04,0.56,0.15,67.9,71.4,3.4,2019
"525","Ohio State","13-1",0.76,0.06,0.03,-0.1,0.28,0.36,0.17,66.8,74.2,7.3,2019
"526","Georgia Southern","6-6",0.74,0.15,-0.06,-0.08,0.29,0.14,0.33,67.1,70.2,3.1,2019
"527","Penn State","10-2",0.7,0.01,0.05,-0.06,0.3,0.5,-0.13,68.4,75.9,7.5,2019
"528","Kent State","6-6",0.68,0.19,-0.09,-0.05,0.33,0.34,-0.22,70,72.3,2.3,2019
"529","Virginia Tech","6-5",0.66,0.07,0.02,-0.08,0.19,0.37,0.2,68.4,70.8,2.4,2019
"530","Illinois","6-7",0.66,0.08,0.04,-0.1,0.25,0.25,0.09,68.9,71.8,2.9,2019
"531","Washington","7-5",0.65,0.08,0.01,0.06,0.3,0.32,-0.52,68.2,72.9,4.7,2019
"532","Coastal Carolina","4-7",0.61,-0.01,-0.09,0.14,0.13,0,0.66,69.7,67,-2.6,2019
"533","Houston","3-8",0.61,0.13,-0.1,-0.04,0.33,0.19,0.02,71.3,71.3,0,2019
"534","Duke","4-7",0.56,0.19,-0.06,0.06,0.2,0.34,-0.55,68.6,69.5,0.9,2019
"535","Auburn","8-4",0.52,0.2,-0.05,-0.16,0.15,0.2,0.25,69,71,2,2019
"536","Boise State","11-2",0.45,0.09,-0.01,0.03,0.04,0.57,-0.23,69.2,71.1,1.9,2019
"537","Florida","9-2",0.43,0.04,-0.01,-0.19,0.32,0.5,-0.21,69.5,71,1.5,2019
"538","Washington State","5-7",0.37,0.02,-0.12,-0.01,0.08,0.67,0.23,71.4,71.1,-0.3,2019
"539","Kentucky","7-5",0.36,0.05,0.01,-0.14,0.39,-0.02,-0.36,70.6,73,2.4,2019
"540","Florida Atlantic","10-3",0.36,0.02,-0.03,0.04,0.18,-0.26,0.19,67.1,72.7,5.6,2019
"541","Wyoming","7-5",0.35,0.09,0,-0.04,0.08,0.1,0.05,67.9,71.3,3.4,2019
"542","Louisiana","10-3",0.33,0.17,0.01,-0.21,0.26,-0.06,-0.2,69.2,73.8,4.6,2019
"543","Georgia","11-2",0.32,-0.03,-0.01,-0.21,0.21,0.5,0.16,69.6,72.6,2.9,2019
"544","Massachusetts","1-10",0.31,0.05,-0.16,0.31,0.04,-0.05,-0.06,68.1,65.8,-2.3,2019
"545","Marshall","7-5",0.31,0.02,-0.16,-0.06,0.15,0.52,0.36,72.5,71.3,-1.2,2019
"546","Tennessee","7-5",0.3,-0.02,0.08,0.01,0.06,0.51,-0.46,69.9,70.7,0.7,2019
"547","UCLA","4-8",0.29,0.05,0.01,-0.03,0.09,-0.2,0.22,71.2,70.7,-0.6,2019
"548","Texas Tech","3-8",0.28,-0.01,-0.13,-0.05,0.24,0.36,0.13,69.9,73.4,3.4,2019
"549","Ohio","6-6",0.27,0.1,0.03,-0.19,0.02,0.31,0.12,68.4,72,3.7,2019
"550","Appalachian State","12-1",0.26,0.22,-0.04,-0.1,0.19,-0.14,-0.33,69.2,73.2,4.1,2019
"551","Cincinnati","11-3",0.26,0.07,-0.05,-0.13,0.25,0.04,-0.04,69,73.8,4.8,2019
"552","Rice","3-9",0.26,0.04,0,-0.04,0.21,-0.28,-0.03,68.8,74,5.2,2019
"553","Air Force","10-2",0.25,0.04,-0.04,-0.11,0.1,0.88,-0.37,69.1,70.6,1.5,2019
"554","Oklahoma State","7-5",0.24,-0.03,0.06,-0.12,0.16,0.28,-0.17,71.5,72.4,0.9,2019
"555","Alabama","10-2",0.23,0.23,0.01,0.32,-0.03,-0.31,-1.09,67.9,71.6,3.7,2019
"556","Oklahoma","11-2",0.21,-0.01,0.03,-0.08,0.18,0.48,-0.53,72,70.9,-1.1,2019
"557","Stanford","4-8",0.2,0.09,-0.05,-0.09,0.1,0.14,0.01,73,71.7,-1.3,2019
"558","NC State","3-8",0.2,-0.03,-0.06,-0.04,0.14,0.38,-0.02,73.3,67.9,-5.4,2019
"559","Arkansas State","7-5",0.19,0.07,-0.19,0,0.22,0.36,-0.16,68.9,70.4,1.4,2019
"560","North Texas","3-8",0.19,0.16,-0.12,0.01,0.08,0.21,-0.24,68.9,71.2,2.3,2019
"561","Southern Mississippi","6-6",0.19,0.16,-0.1,-0.16,0.12,0.09,0.13,72.5,69.5,-3,2019
"562","LSU","14-0",0.17,0.12,-0.01,-0.1,0.04,0.37,-0.33,70.6,73,2.3,2019
"563","Northern Illinois","4-7",0.17,-0.04,-0.17,-0.08,0.09,0.39,0.64,74.2,65.9,-8.3,2019
"564","North Carolina","6-6",0.16,0.09,-0.02,-0.19,0.09,0.03,0.24,71.4,69.5,-1.9,2019
"565","Oregon","11-2",0.16,0.26,-0.1,-0.01,0.14,-0.6,-0.17,66.6,72.7,6.1,2019
"566","Notre Dame","11-2",0.15,-0.03,0.04,-0.17,0.21,0.5,-0.42,68.4,73.5,5.1,2019
"567","Texas State","2-9",0.15,0.07,-0.08,-0.05,-0.02,0.14,0.35,71.3,66,-5.3,2019
"568","Northwestern","3-9",0.15,0.07,-0.01,-0.11,0.1,-0.16,0.09,71.6,68.1,-3.5,2019
"569","Western Kentucky","9-3",0.12,-0.03,0.07,-0.2,0.24,-0.22,0.01,70.7,73.1,2.4,2019
"570","Wisconsin","10-4",0.11,0.19,0.02,-0.16,0.08,-0.16,-0.28,70,71.8,1.8,2019
"571","Syracuse","4-7",0.11,0.06,-0.08,-0.25,0.32,0.36,-0.28,68.1,72.1,3.9,2019
"572","East Carolina","2-8",0.1,-0.02,-0.02,0.03,0.07,0.29,-0.35,74,70.5,-3.5,2019
"573","Texas","8-5",0.1,0.02,-0.03,-0.13,0.13,0.39,-0.17,71.2,71.9,0.7,2019
"574","Vanderbilt","2-9",0.1,-0.01,-0.12,-0.06,0.08,0.66,-0.04,74.5,70.2,-4.3,2019
"575","Arkansas","1-10",0.09,0,0.01,-0.12,0.12,0.31,-0.24,71.3,70.3,-1.1,2019
"576","Utah","10-3",0.08,0.03,0.02,-0.11,0.13,-0.12,-0.09,71.1,71.8,0.7,2019
"577","Temple","7-5",0.08,0.02,0.02,-0.2,0.02,0.08,0.34,71.9,68.9,-3,2019
"578","New Mexico","1-10",0.08,0.04,-0.11,-0.23,0.21,0.37,0.1,72.8,72.2,-0.6,2019
"579","Missouri","5-6",0.06,0.03,0.05,-0.22,0.1,0,0.03,70.6,71.4,0.8,2019
"580","West Virginia","4-7",0.01,0.11,-0.04,-0.07,0.12,-0.26,-0.25,70.7,71.3,0.6,2019
"581","Tulane","6-6",0,0.18,-0.08,-0.11,0.07,0.11,-0.34,69.6,70.8,1.2,2019
"582","Army","3-8",-0.01,0.04,-0.15,-0.21,0.29,-0.21,0.34,71.4,68.6,-2.8,2019
"583","SMU","10-3",-0.01,0.24,-0.15,-0.11,0.14,-0.27,-0.15,66.5,71.4,4.9,2019
"584","Indiana","7-5",-0.02,-0.02,-0.03,-0.25,0.15,0.21,0.16,70.8,71.5,0.7,2019
"585","Toledo","5-6",-0.02,0.05,-0.01,-0.2,0.1,-0.12,0.11,72.1,70,-2.2,2019
"586","TCU","4-7",-0.03,-0.06,-0.05,-0.05,0.04,0.59,-0.25,69.6,69.3,-0.4,2019
"587","South Carolina","3-8",-0.06,0.03,-0.08,-0.26,0.15,0.5,-0.11,70.8,72.6,1.8,2019
"588","Texas A&M","7-5",-0.06,0.01,-0.02,-0.09,0.11,0.08,-0.3,70.6,72.8,2.2,2019
"589","Louisiana Tech","9-3",-0.06,0.23,-0.17,-0.18,-0.02,0.22,0.1,70.7,69.9,-0.8,2019
"590","Baylor","10-3",-0.06,0.01,-0.01,-0.2,0.18,0.19,-0.29,70.3,70.8,0.5,2019
"591","Maryland","2-9",-0.09,0.11,-0.16,-0.01,0.16,-0.69,0.16,71,69,-2,2019
"592","Florida International","5-7",-0.09,-0.01,-0.11,-0.02,0.12,0.26,-0.36,71.6,68,-3.6,2019
"593","Eastern Michigan","5-7",-0.11,-0.04,-0.13,-0.08,0.17,0.25,-0.09,70.5,71.1,0.7,2019
"594","Clemson","13-1",-0.12,0.05,0.01,-0.26,0.21,-0.11,-0.3,70.3,73.8,3.6,2019
"595","Louisville","7-5",-0.13,0.13,-0.11,-0.16,0.14,-0.09,-0.18,70.6,68.5,-2.1,2019
"596","Old Dominion","0-11",-0.13,0.06,-0.17,-0.03,0.03,0.04,0.1,68.7,69.5,0.8,2019
"597","BYU","6-6",-0.14,0.02,0.06,-0.14,0.06,-0.2,-0.29,69.1,71.9,2.8,2019
"598","Florida State","5-7",-0.14,0.07,0.01,-0.2,0.08,-0.21,-0.13,71.9,69.8,-2.1,2019
"599","Fresno State","3-8",-0.14,-0.03,-0.12,-0.11,0.21,0.06,-0.11,70.3,69.1,-1.2,2019
"600","Purdue","4-8",-0.16,-0.01,0.01,-0.23,0.03,0.28,-0.07,73.9,67.8,-6,2019
"601","UAB","8-5",-0.19,-0.01,-0.01,-0.19,0.17,0.25,-0.54,71.6,70.6,-1,2019
"602","Bowling Green","2-9",-0.2,-0.03,-0.1,0.02,0.1,-0.65,0.29,68.8,68.4,-0.4,2019
"603","Utah State","6-6",-0.21,0.17,-0.09,-0.17,-0.06,0.53,-0.53,72,70.6,-1.3,2019
"604","Rutgers","2-10",-0.21,0.02,-0.1,-0.2,0.26,0,-0.31,71.9,69.7,-2.2,2019
"605","UCF","9-3",-0.21,0.02,-0.08,-0.15,-0.02,0.26,0.01,71.4,70.2,-1.2,2019
"606","Michigan State","7-6",-0.21,0.04,-0.04,-0.19,0.12,-0.11,-0.21,70.2,70.7,0.6,2019
"607","Hawaii","9-5",-0.22,0.04,-0.02,-0.11,-0.02,-0.14,-0.11,72.6,68.9,-3.7,2019
"608","Iowa State","6-6",-0.24,0.03,-0.06,-0.18,0.1,0.11,-0.27,70.7,73.1,2.4,2019
"609","Mississippi State","5-7",-0.25,-0.08,-0.14,-0.21,0.29,-0.07,0.15,73.2,68.1,-5.2,2019
"610","Miami","5-7",-0.27,0.04,-0.09,0.02,0.21,-0.49,-0.61,68.7,70.2,1.5,2019
"611","Oregon State","4-7",-0.28,0.06,-0.13,-0.18,0.05,-0.65,0.61,72.4,69.5,-2.9,2019
"612","Colorado","5-7",-0.29,-0.07,-0.01,-0.32,0.09,0.16,0.17,71.3,72.7,1.4,2019
"613","Ole Miss","3-8",-0.31,-0.01,-0.05,-0.1,0.05,-0.42,0.12,72.6,72.3,-0.3,2019
"614","California","7-5",-0.31,-0.01,-0.04,-0.13,0.05,-0.13,-0.16,73.4,70.9,-2.5,2019
"615","Pittsburgh","7-5",-0.32,-0.02,0.03,-0.15,0,0.12,-0.44,72,70.3,-1.7,2019
"616","Nevada","6-6",-0.33,-0.06,-0.12,-0.07,0.15,0.39,-0.62,70.1,69.5,-0.6,2019
"617","UTSA","3-8",-0.36,0.02,-0.03,-0.22,0.08,0.06,-0.38,74.9,68.9,-6,2019
"618","Middle Tennessee","3-8",-0.39,-0.04,-0.08,-0.17,0.04,0.09,-0.09,72.5,68.8,-3.7,2019
"619","Boston College","5-7",-0.4,0.04,-0.07,-0.15,0.16,-0.35,-0.43,72.6,70.2,-2.4,2019
"620","Kansas","2-9",-0.41,0.06,-0.08,-0.27,0.04,-0.44,0.29,72.2,69.3,-3,2019
"621","USC","8-5",-0.41,0.04,-0.24,-0.19,0.19,0.27,-0.25,72.5,69.6,-3,2019
"622","Colorado State","3-8",-0.45,0.05,-0.14,-0.11,0.26,-0.05,-0.94,73.2,70,-3.2,2019
"623","Liberty","6-5",-0.45,0,-0.09,-0.3,0.12,-0.11,0.06,73.9,68.3,-5.6,2019
"624","Akron","0-12",-0.46,0.08,-0.04,-0.29,0,-0.4,0.1,71.8,64.2,-7.6,2019
"625","Connecticut","1-10",-0.49,0.05,-0.1,-0.1,0.13,-0.28,-0.66,70.7,70.2,-0.5,2019
"626","Minnesota","10-2",-0.51,-0.03,-0.16,-0.2,0.23,-0.15,-0.21,70.2,70.4,0.2,2019
"627","New Mexico State","1-10",-0.55,0.07,-0.04,-0.26,0.04,-0.06,-0.53,72.5,68,-4.5,2019
"628","Navy","10-2",-0.56,0,-0.19,-0.11,0.08,-0.15,-0.18,71.4,69.2,-2.2,2019
"629","Troy","4-7",-0.57,0.11,-0.16,-0.23,0.05,-0.07,-0.3,72.3,69,-3.3,2019
"630","UNLV","3-8",-0.58,0.04,-0.17,-0.16,-0.12,0.19,-0.01,72.1,67.7,-4.4,2019
"631","Central Michigan","7-6",-0.62,0.03,-0.2,-0.02,0.08,-0.06,-0.7,69.4,67.9,-1.5,2019
"632","Wake Forest","7-5",-0.63,0.03,-0.27,-0.16,0.09,0.47,-0.5,70.3,71,0.7,2019
"633","Tulsa","4-8",-0.63,0,-0.04,-0.21,0.08,-0.41,-0.39,70.8,69.6,-1.1,2019
"634","UTEP","0-11",-0.67,0,-0.18,-0.14,0.05,0.23,-0.56,75.4,67.4,-7.9,2019
"635","Charlotte","6-6",-0.67,0.02,-0.14,-0.15,-0.34,0.31,0.25,73.4,68.4,-5,2019
"636","Georgia State","6-6",-0.68,0.02,-0.07,-0.31,0.11,-0.22,-0.37,71,68,-3,2019
"637","Ball State","4-7",-0.68,0.16,0.01,-0.19,-0.31,0.07,-0.64,69.3,70.9,1.6,2019
"638","San Jose State","4-7",-0.69,0.02,-0.17,-0.16,-0.04,0.36,-0.51,71.4,71.2,-0.1,2019
"639","Nebraska","5-7",-0.71,0,-0.16,-0.03,0.15,-0.63,-0.57,70.8,69.6,-1.2,2019
"640","Western Michigan","6-6",-0.72,0.07,-0.09,-0.29,0.17,-0.85,-0.24,70.9,70.9,0,2019
"641","Georgia Tech","3-8",-0.76,-0.04,-0.16,-0.11,0.11,-1.09,0.23,73.2,66.7,-6.5,2019
"642","South Florida","3-8",-0.76,0.05,-0.21,-0.25,0.13,-0.47,-0.08,72.5,69.1,-3.4,2019
"643","South Alabama","1-10",-0.81,0.03,-0.27,-0.15,0.04,-0.48,0.12,73,67.1,-5.9,2019
"644","Arizona","3-8",-0.86,-0.02,-0.07,-0.35,-0.02,-0.13,-0.19,75,67.7,-7.3,2019
"645","UL Monroe","4-7",-0.94,-0.07,-0.08,-0.25,0.1,-0.42,-0.49,71.2,71.8,0.6,2019
"646","Buffalo","7-5",-1.08,-0.09,-0.15,-0.17,-0.15,-0.35,0.02,68.9,65.8,-3.2,2019
"647","Boise State","5-2",1.11,0.26,0.08,0.36,-0.05,0.83,-0.23,68.8,71.6,2.8,2020
"648","Kansas State","4-6",1.04,0.11,-0.12,0.41,0.24,0.13,0.52,69.6,70.8,1.2,2020
"649","Utah State","1-5",0.99,0.2,0.02,0.07,0.18,0.86,0.11,70.2,76.2,6,2020
"650","Ohio","2-1",0.92,1.14,0.04,-0.19,0.05,-0.98,-0.1,64.8,73.2,8.4,2020
"651","Iowa","6-2",0.78,0.01,0.05,-0.06,0.36,0.19,0.54,67.3,73.1,5.8,2020
"652","Indiana","6-2",0.71,0,0.01,-0.2,0.23,0.86,0.79,69.7,72.8,3.1,2020
"653","Washington State","1-3",0.65,0.03,-0.12,-0.07,0.21,0.86,0.7,70.3,69,-1.3,2020
"654","Miami (OH)","2-1",0.63,0.03,-0.01,-0.04,0.26,0.02,0.71,69.7,76.8,7.1,2020
"655","Army","6-3",0.59,0.03,0.03,0.02,0.06,0,0.86,68.4,71.3,2.9,2020
"656","Louisiana","10-1",0.59,0.24,0,-0.02,0.17,-0.22,0.38,69.2,71.5,2.3,2020
"657","Florida International","0-4",0.56,0.48,0.01,-0.37,0.23,0.65,-0.28,71.4,73.3,1.8,2020
"658","Alabama","13-0",0.5,0.04,0.01,0.06,0.11,0.79,-0.34,70.4,73.8,3.5,2020
"659","Georgia","8-2",0.5,0.17,0.02,-0.13,0.15,0.99,-0.42,68.3,75,6.7,2020
"660","Syracuse","1-10",0.47,0.03,-0.04,-0.03,0.22,0.42,0.14,69.7,70,0.4,2020
"661","Duke","2-9",0.45,-0.02,-0.02,0.09,0.17,0.35,0.02,70.1,69.5,-0.6,2020
"662","BYU","10-1",0.4,-0.05,0.07,-0.07,0.2,1.3,-0.83,72.1,73.1,1,2020
"663","East Carolina","3-6",0.38,0.07,0.02,0.11,0.15,-0.13,-0.17,69.6,67.7,-1.9,2020
"664","Cincinnati","8-1",0.37,0.3,-0.01,-0.09,0.24,-0.22,-0.3,69,72.4,3.4,2020
"665","Florida","8-4",0.36,-0.04,0.03,-0.12,0.35,0.48,-0.32,71.7,74,2.3,2020
"666","Oklahoma","8-2",0.36,0.14,-0.03,-0.05,0.03,0.44,0.08,65.9,70.1,4.2,2020
"667","Texas","7-3",0.36,0.2,0.03,-0.08,0.06,0.05,0.04,65.5,69.6,4.1,2020
"668","Florida State","2-6",0.35,0.01,0,-0.17,0.28,-0.16,0.55,71.2,68.2,-3,2020
"669","Rutgers","3-6",0.35,0.3,-0.21,-0.14,0.31,0.37,-0.12,67.8,68.8,1.1,2020
"670","Troy","4-6",0.34,0.1,0.03,-0.11,0.32,-0.1,-0.18,70.1,72.9,2.8,2020
"671","San Diego State","4-4",0.34,0.27,-0.03,-0.07,0.16,-0.13,-0.1,69.7,70.7,1,2020
"672","Penn State","4-5",0.34,0.11,-0.04,0,0.18,-0.07,0.07,70.8,67,-3.9,2020
"673","Tulane","6-6",0.34,-0.01,-0.09,0.04,0.33,-0.12,0.09,67.1,71.5,4.4,2020
"674","Kentucky","5-6",0.29,-0.01,-0.06,-0.16,0.18,0.23,0.63,71.8,71.3,-0.5,2020
"675","Eastern Michigan","2-4",0.29,0.1,-0.07,-0.25,0.4,0.49,-0.23,68.5,68.9,0.3,2020
"676","Auburn","6-5",0.29,0.05,-0.05,-0.16,0.13,0.7,0.12,71.9,72.3,0.5,2020
"677","Oklahoma State","8-3",0.28,0.14,-0.04,-0.16,0.21,0,0.18,70.3,73.2,2.9,2020
"678","Miami","8-3",0.28,-0.04,0,-0.35,0.35,0.73,0.11,73.1,72,-1.2,2020
"679","Ball State","7-1",0.28,0.09,-0.02,-0.11,0.23,-0.12,0.12,70.4,71.6,1.3,2020
"680","USC","5-1",0.27,0.05,0.12,-0.11,0.31,-0.04,-0.63,62.3,73.6,11.3,2020
"681","San Jose State","7-1",0.26,0.35,-0.04,-0.09,-0.17,0.11,0.21,70.4,73.2,2.8,2020
"682","Houston","3-5",0.26,0.01,-0.16,0.09,0.12,0.43,0.07,72.2,70.9,-1.3,2020
"683","Texas A&M","9-1",0.26,-0.04,0.02,-0.11,0.21,0.02,0.21,69.5,73.8,4.3,2020
"684","Stanford","4-2",0.25,0.07,-0.05,-0.09,0.18,-0.19,0.39,69.5,72.5,3,2020
"685","TCU","6-4",0.24,-0.08,-0.01,0.01,0.16,0.06,0.17,69.6,72.9,3.3,2020
"686","Akron","1-5",0.23,0.06,-0.19,0.17,0,-0.04,0.44,72.9,65.3,-7.6,2020
"687","Texas State","2-10",0.22,0.06,0.01,-0.05,0.16,0.17,-0.27,71.3,69.5,-1.8,2020
"688","Memphis","7-3",0.21,-0.03,0.04,-0.1,0.15,0.47,-0.22,72.8,72.2,-0.7,2020
"689","West Virginia","5-4",0.17,0.02,0.04,-0.21,0.16,0,0.24,70.1,70.2,0.1,2020
"690","Southern Mississippi","2-7",0.17,0.09,0.01,-0.32,0.24,0.19,0.1,71.4,67.1,-4.3,2020
"691","UCLA","3-4",0.17,0.01,-0.04,-0.17,0.1,0.33,0.33,71.5,66.9,-4.6,2020
"692","UTSA","6-5",0.17,0.03,-0.07,-0.19,0.11,0.52,0.31,70.7,72.2,1.5,2020
"693","Pittsburgh","5-5",0.17,-0.01,0.03,-0.18,0.17,0.46,-0.2,69.2,70.9,1.7,2020
"694","Arizona State","2-2",0.16,0.33,0.04,-0.13,0.25,-0.07,-1.2,64.9,75.3,10.4,2020
"695","NC State","8-4",0.15,0.09,-0.08,0,0.14,0.2,-0.34,70.7,72.3,1.6,2020
"696","LSU","5-5",0.15,0.06,-0.12,-0.3,0.28,0.7,0.05,70.4,73.8,3.4,2020
"697","Northwestern","7-2",0.15,0.02,0.01,-0.12,0.14,0.27,-0.2,69.8,69.7,-0.2,2020
"698","Oregon State","2-5",0.12,0.04,0,0.31,-0.23,0.1,-0.46,71.9,68.8,-3.1,2020
"699","Utah","3-2",0.11,0.01,-0.04,0.01,-0.14,0.79,-0.14,68.4,69.3,0.8,2020
"700","Notre Dame","10-2",0.1,-0.01,0.1,-0.1,0.22,-0.05,-0.57,71,73.9,2.9,2020
"701","UAB","5-3",0.1,0.01,-0.13,-0.15,0.3,0.63,-0.36,70.8,71,0.2,2020
"702","Central Michigan","3-3",0.08,-0.03,-0.29,-0.06,0.22,0.93,0.03,67,72,5,2020
"703","Marshall","6-3",0.08,-0.02,0.02,-0.11,0.17,-0.11,-0.06,69.9,72.6,2.7,2020
"704","Wisconsin","4-3",0.07,0.02,0,-0.07,0.23,-0.42,-0.08,65.5,72.9,7.4,2020
"705","Western Kentucky","4-7",0.07,0.02,-0.07,-0.23,0.12,0.96,-0.23,72.3,72.9,0.6,2020
"706","Nevada","7-2",0.06,0.04,-0.08,-0.1,0.2,0.24,-0.31,69.1,72,2.9,2020
"707","UCF","6-4",0.04,0.11,0,-0.32,0.21,-0.27,0.24,70.7,72.7,2.1,2020
"708","Michigan","2-4",0.02,0.31,0.03,-0.21,0.15,-0.69,-0.27,70,69.4,-0.7,2020
"709","Coastal Carolina","10-1",0.01,0.09,-0.02,-0.13,0.04,0.34,-0.3,66.9,73.2,6.3,2020
"710","Missouri","5-5",-0.01,0,-0.01,-0.24,0.25,0.48,-0.56,72.8,72.2,-0.6,2020
"711","Minnesota","3-4",-0.01,-0.09,-0.05,-0.08,0,-0.35,0.83,72.6,69,-3.6,2020
"712","Wyoming","2-4",-0.02,0.04,-0.05,-0.23,0.07,0.49,-0.05,69.4,68.8,-0.6,2020
"713","Clemson","9-2",-0.02,0.06,0.02,-0.21,0.04,0.37,-0.25,67.4,72.3,4.9,2020
"714","Wake Forest","3-5",-0.02,0.01,-0.01,-0.12,0.03,0.42,-0.34,72.3,68.6,-3.8,2020
"715","Florida Atlantic","5-4",-0.03,0.05,-0.1,-0.13,0.11,0.25,-0.12,71,72.6,1.6,2020
"716","SMU","6-3",-0.03,0,0.06,-0.19,-0.03,0.35,-0.16,70.5,70.8,0.3,2020
"717","South Alabama","4-7",-0.05,0,-0.02,-0.2,0.1,0.29,-0.14,72.2,70.8,-1.5,2020
"718","Charlotte","2-4",-0.05,0.15,-0.12,-0.26,0.04,-0.16,0.59,73,69.4,-3.6,2020
"719","Georgia State","6-4",-0.05,-0.02,-0.04,-0.22,0.08,0.29,0.12,69.4,70.5,1.1,2020
"720","Iowa State","9-3",-0.07,0.17,-0.2,-0.11,0.05,-0.1,0.22,69.3,71.5,2.3,2020
"721","Western Michigan","4-2",-0.08,0.26,-0.05,-0.12,0.06,-0.4,-0.38,69.1,69.2,0.1,2020
"722","Rice","2-3",-0.09,0.15,-0.01,-0.37,0.22,0.11,-0.32,65.6,70.8,5.2,2020
"723","Tennessee","3-7",-0.09,-0.02,-0.02,-0.14,0.3,-0.13,-0.59,72.6,72.9,0.4,2020
"724","Oregon","4-3",-0.1,-0.1,0.06,-0.26,0.18,-0.35,0.24,71.5,70.4,-1.1,2020
"725","Liberty","8-1",-0.1,-0.01,-0.11,-0.18,0.08,-0.04,0.4,70.3,71.2,0.9,2020
"726","Boston College","6-5",-0.1,0,-0.1,-0.11,0.17,0.26,-0.39,69.2,71.8,2.6,2020
"727","Appalachian State","8-3",-0.11,0.11,-0.08,-0.21,0.22,0,-0.4,71.1,74,2.9,2020
"728","Virginia","4-5",-0.12,0,-0.04,-0.02,0.13,-0.06,-0.54,70.6,69.9,-0.7,2020
"729","North Texas","3-6",-0.12,0.04,-0.13,-0.19,0.29,-0.41,0.09,71.6,69.3,-2.3,2020
"730","Mississippi State","4-7",-0.14,0.1,-0.04,-0.23,0.1,0.39,-0.58,72.6,68.8,-3.7,2020
"731","Air Force","3-3",-0.15,0.02,-0.22,-0.21,0.17,-0.41,0.88,74.5,71.5,-3,2020
"732","North Carolina","7-4",-0.15,0.07,0,-0.33,0.16,-0.12,-0.07,71.7,72.6,0.9,2020
"733","UTEP","1-5",-0.15,0.27,-0.16,-0.07,0.02,-0.63,0.01,71.5,65.9,-5.5,2020
"734","Colorado","4-2",-0.15,-0.03,-0.04,0.01,0.14,-0.22,-0.54,71.4,71.3,-0.1,2020
"735","South Florida","0-8",-0.17,0.06,-0.24,-0.04,-0.16,0.47,0.33,70.9,65,-5.9,2020
"736","Northern Illinois","0-6",-0.19,0.06,-0.35,-0.09,0.11,0.57,0.07,73.2,67.2,-5.9,2020
"737","Tulsa","6-3",-0.23,-0.01,-0.18,-0.08,0.09,-0.04,0.03,68.9,67.6,-1.4,2020
"738","Georgia Southern","7-5",-0.24,-0.04,-0.25,0.14,0.05,-0.12,-0.1,71.2,69.5,-1.7,2020
"739","Ole Miss","5-5",-0.25,0.12,0.05,-0.2,0.13,-0.29,-0.83,70.8,74.6,3.8,2020
"740","UNLV","0-6",-0.25,0.02,-0.11,-0.11,0.06,0.15,-0.37,73.4,66.6,-6.8,2020
"741","Buffalo","6-1",-0.27,0.13,-0.06,-0.1,0.05,-1.52,0.57,70,72.6,2.6,2020
"742","Maryland","2-3",-0.27,-0.07,-0.05,-0.23,0.18,-0.02,-0.21,70.1,72,1.8,2020
"743","Illinois","2-6",-0.31,-0.03,-0.11,-0.14,0.11,-0.13,-0.17,71.6,73.1,1.5,2020
"744","Arizona","0-5",-0.31,-0.04,-0.32,-0.18,0.06,0.45,0.43,76.7,64.8,-11.9,2020
"745","Hawaii","5-4",-0.32,0.04,-0.08,-0.16,0.09,-0.34,-0.22,73.9,69,-4.9,2020
"746","Kent State","3-1",-0.32,0.02,-0.3,-0.13,0.18,-0.24,0.32,72,64.9,-7.1,2020
"747","Louisville","4-7",-0.33,-0.06,0.02,-0.19,-0.04,0.64,-0.78,73.4,67.3,-6.1,2020
"748","Louisiana Tech","4-5",-0.33,0.12,-0.24,-0.05,0.01,0.27,-0.52,68.2,65.7,-2.5,2020
"749","New Mexico","2-5",-0.34,0.02,-0.03,-0.13,0.06,-0.1,-0.65,71.1,71.6,0.5,2020
"750","Virginia Tech","5-6",-0.36,0.14,-0.03,-0.31,0.08,0.65,-1.21,70,72.4,2.4,2020
"751","Fresno State","3-3",-0.37,-0.1,-0.18,-0.1,0,0.53,-0.22,70.2,70.5,0.3,2020
"752","Middle Tennessee","3-6",-0.37,0.03,-0.12,-0.27,0.26,-0.15,-0.45,71,68.5,-2.4,2020
"753","Ohio State","7-1",-0.38,0.05,0.01,-0.23,0.09,-0.44,-0.46,71.1,75.1,4,2020
"754","California","1-3",-0.38,-0.05,-0.02,-0.16,-0.08,0.25,-0.43,74.1,65.3,-8.9,2020
"755","Baylor","2-7",-0.4,0.15,-0.09,-0.14,0.05,-0.22,-0.79,68.8,68.6,-0.2,2020
"756","Navy","3-7",-0.42,0.05,-0.04,-0.12,-0.1,-0.06,-0.54,72.4,66.6,-5.8,2020
"757","Michigan State","2-5",-0.42,0.02,-0.11,-0.32,-0.07,0.37,0.02,74.2,65.7,-8.5,2020
"758","Arkansas State","3-7",-0.44,-0.02,-0.18,-0.13,0.01,-0.25,0.14,73.5,67.3,-6.1,2020
"759","Massachusetts","0-4",-0.45,-0.02,-0.01,-0.19,0.11,-0.87,-0.16,75.3,65.7,-9.6,2020
"760","South Carolina","2-8",-0.48,0,-0.17,-0.28,0.05,0.07,-0.05,73.7,68.4,-5.3,2020
"761","Nebraska","3-5",-0.49,-0.05,-0.19,0,-0.1,0.21,-0.43,72.5,67.8,-4.7,2020
"762","Georgia Tech","3-7",-0.57,-0.02,0.02,-0.26,0.32,-1.33,-0.52,71.2,68.3,-2.9,2020
"763","Toledo","4-2",-0.58,-0.04,-0.06,-0.12,-0.04,-0.35,-0.47,68.2,71.9,3.7,2020
"764","Texas Tech","3-6",-0.63,-0.1,-0.17,-0.08,0.02,-0.39,-0.24,71.6,66.3,-5.3,2020
"765","UL Monroe","0-10",-0.71,0,0.05,-0.18,-0.03,-1.15,-0.48,72.5,67.4,-5,2020
"766","Purdue","2-4",-0.75,0.05,-0.15,-0.05,-0.25,-0.05,-0.74,70.6,70.8,0.2,2020
"767","Temple","1-6",-0.76,-0.04,-0.38,-0.22,0.08,-0.19,0.17,70.3,66.9,-3.5,2020
"768","Arkansas","3-7",-0.79,-0.01,-0.06,-0.3,0.05,-0.25,-0.87,76.7,69.4,-7.3,2020
"769","Vanderbilt","0-9",-0.8,-0.05,-0.04,-0.29,0.04,-0.65,-0.48,74.3,68.6,-5.7,2020
"770","Kansas","0-9",-0.82,0.07,-0.24,-0.2,-0.22,-0.06,-0.19,74.3,63.1,-11.2,2020
"771","Bowling Green","0-5",-1.1,0.12,-0.47,0.08,-0.45,-0.25,-0.18,70.5,65.1,-5.4,2020
"772","Washington","3-1",-1.19,0.01,-0.12,-0.01,-0.46,-0.41,-1.09,65.8,72.6,6.8,2020
"773","Colorado State","1-3",-1.2,0.04,-0.24,-0.15,-0.31,-0.38,-0.68,70.4,69.8,-0.6,2020
